Season,Episode,Baker,SeasonEpisode,Signature Bake,Rank in Technical,Showstopper,Status
1,1,Baker_01,s1e1,Caramel Cinnamon and Banana Cake,1.0,,Safe
1,1,Baker_02,s1e1,Three Tiered Lemon Drizzle Cake with Fresh Cream and freshly made Lemon Curd,,Classic Chocolate Sponge wrapped in a Chocolate Collar topped with Handmade White and Dark Chocolate Truffles,Did well
1,1,Baker_03,s1e1,Triple Layered Brownie Meringue Cake with Raspberry Cream,8.0,Three Tiered Chocolate Fudge Cake with Handmade Chocolate Button Decorations,Did well
1,1,Baker_04,s1e1,Fresh Mango and Passion Fruit Hummingbird Cake,,,Safe
1,1,Baker_05,s1e1,Chocolate Orange Cake,3.0,"Black Forest Floor Gateau with Moulded Chocolate Leaves, Fallen Fruit and Chocolate Mushrooms Moulded from eggs",At risk
1,1,Baker_06,s1e1,Carrot Cake with Lime and Cream Cheese Icing,9.0,Three Tiered White and Dark Chocolate with Almond and Cherry,Safe
1,1,Baker_07,s1e1,Light Jamaican Black Cake with Strawberries and Cream,2.0,"Red, White & Blue Chocolate Cake with Cigarellos, Fresh Fruit, and Cream",Did well
1,1,Baker_08,s1e1,Carrot and Orange Cake,,"Never Fail Chocolate Sponge Cake, with Fresh Fruit, White & Chocolate Cigarello Border",At risk
1,1,Baker_09,s1e1,Cranberry and Pistachio Cake with Orange Flower Water Icing,10.0,Raspberries and Cream-filled Chocolate Cake with Chocolate-dipped Fresh Fruit,Eliminated
1,1,Baker_10,s1e1,Sticky Marmalade Tea Loaf,,Heart-shaped Chocolate and Beetroot Cake with Store-bought silver chocolate hearts and chocolate red and white roses.,Eliminated
1,2,Baker_11,s1e2,Oatmeal Raisin Cookies,6.0,Pink Macarons,Did well
1,2,Baker_12,s1e2,Peanut Shortbread with Salted Peanut Caramel,5.0,Almond Macaron with Violet Buttercream & Raspberries and Cream Eclairs,Safe
1,2,Baker_13,s1e2,Fresh Vanilla Biscuits with Royal Icing,3.0,Pistachio Macarons,Did well
1,2,Baker_14,s1e2,Millionaires' Shortbread,2.0,Meringues with Chocolate and Space Dust & Coffee Flavoured Eclairs,Safe
1,2,Baker_15,s1e2,Cheddar Cheese and Fresh Rosemary Biscuits,8.0,Choux Pastry Swans & Chocolate Profiteroles,At risk
1,2,Baker_16,s1e2,Honey and Candied Ginger Cookies,1.0,Meringues with Whiskey Cream and Chocolate,Did well
1,2,Baker_17,s1e2,Rose Petal Shortbread,7.0,Pink Swirl Macarons / Eclairs,Eliminated
1,2,Baker_18,s1e2,Stained Glass Window Shortbread Biscuits,4.0,"Strawberry, Mint, and Cream Meringue Baskets & Chocolate Eclairs / Orange, Yellow and Pink Macarons",Eliminated
1,3,Baker_19,s1e3,Olive Bread,1.0,Tomato and Mozzarella Rolls,Did well
1,3,Baker_20,s1e3,Maple and Pecan Bread,2.0,Chocolate and Orange Panettone & Cranberry Bagels,Did well
1,3,Baker_21,s1e3,Walnut and Apricot Bread,3.0,Lemon Iced Buns & Chocolate and Orange Buns & Cranberry Buns with Icing Sugar,Safe
1,3,Baker_22,s1e3,Focaccia with Sun-Dried Tomatoes and Olive Oil,5.0,Mango and Sultana Buns & Pain au Chocolat with Mars Bars & Tutti Frutti Wheels with Jelly Tots & Tomato and Cheese Rolls,At risk
1,3,Baker_23,s1e3,Chilli Bread,4.0,Walnut and Seed Roll & Red Berry and Almond Bun & Tomato and Herb Rolls,At risk
1,3,Baker_24,s1e3,"Anchovy, Sweet Paprika and Oregano Bread",6.0,"Sticky Lemon Honey Buns & Olive and Anchovy Rolls & Sun-Dried Tomato and Fresh Herb Rolls & Stilton, Walnut and Braeburn Apple Rolls & Cinnamon and Cardamom Chelsea Buns & Sultana Chelsea Buns with Icing",Eliminated
1,4,Baker_25,s1e4,Apple and Plum Pudding with Rum Caramel Sauce,3.0,"Apple and Cinnamon Crumble, Nutella Banana Brioche Bread Pudding, Rhubarb and Strawberry Layered Suet Pudding",At risk
1,4,Baker_26,s1e4,Peach and Blueberry Boy Bait,4.0,"Apple & Ginger Crumble, Rhubarb Suet Pudding, Cherry Queen of Puddings",Did well
1,4,Baker_27,s1e4,Sticky Toffee Pudding with Caramelised Walnuts,1.0,"Queen of Puddings, Chocolate Pear Roly Poly, Strawberry and Rhubarb Crumble",Did well
1,4,Baker_28,s1e4,Sticky Toffee Pudding with Tropical Fruit & Toffee Sauce,2.0,"Bread & Butter Pudding, Treacle Suet Pudding with Fresh Fruit, Apple and Pineapple Crumble",Did well
1,4,Baker_29,s1e4,Pear and Walnut Pudding,5.0,"Apple and Blackberry Crumble, Rhubarb and Orange Betty, Suet Crust-Wrapped Pear with Sultana Filling",Eliminated
1,5,Baker_30,s1e5,"Chicken, Ham, Leek and Tarragon Pie",2.0,"Almond Sweet Pastry with Ginger and Chocolate & Raspberry Tart / Yorkshire Curd Tart & Chickpea and Salami, Red and Yellow Pepper, & Asparagus Gruyere Quiche Canapés",Did well
1,5,Baker_31,s1e5,Minced Beef Pie,3.0,"Raspberry and Dark Chocolate Tart & Creme Patisserie and Cherry Tart & Citrus Curd Tart with Creme Brulee Top & Tomato, Asparagus Twirl Canapés",Did well
1,5,Baker_32,s1e5,"Summery Salmon, Cod and Prawn Fish Pie",1.0,"Chocolate Pastry filled with Orange Cheesecake & Chocolate Pastry filled with Milk Chocolate Ganache & Strawberry Tart with Red Currant Glaze & Cheesy Crab, Broad Bean and Tomato, Pancetta Risotto Canapés",At risk
1,5,Baker_33,s1e5,Chicken and Mushroom Pie,4.0,"Jaggery, Carrot, and Spiced Condensed Milk Tart & Fruit and Custard Tart & Thai Chili Red Onion, Duck in Plum Sauce, Salmon and Prawn Canapés",Eliminated
1,6,Baker_34,s1e6,Cinnamon and Banana Tea Cakes,,Chocolate and Ginger Tarts & Lemon Scones with Passion Fruit Curd & Raspberry Choux Buns & Finger Sandwiches,Winner
1,6,Baker_35,s1e6,"Mint, Ginger and Blackberry Tea Cakes",,Red Pepper and Cheese Quiche Tarts & Sultana Scones & Vanilla and Lemon Choux Buns & Finger Sandwiches,Runner-up
1,6,Baker_36,s1e6,Lemon Cupcakes,,Eliminated at signature,Runner-up
2,1,Baker_37,s2e1,Chocolate Orange Cupcakes & Orange and Cardamom Cupcakes,11.0,Chocolate and Strawberry Cake,Did well
2,1,Baker_38,s2e1,Cherry Bakewell Inspired Cupcakes & Ginger Cupcakes with Fig Truffle,1.0,Novelty Farm Cake,Star Baker
2,1,Baker_39,s2e1,Banoffee Cupcakes,4.0,Chocolate and Raspberry Opera Cake,Safe
2,1,Baker_40,s2e1,Raspberry and Cream Cupcakes,8.0,Chocolate Marble Cake with Dark and White Chocolate Truffles,Safe
2,1,Baker_41,s2e1,Cardamom and Pomegranate Cupcakes,5.0,,Safe
2,1,Baker_42,s2e1,Lemon Meringue Cupcakes & Apple and Cinnamon Cupcakes,6.0,,Safe
2,1,Baker_43,s2e1,Blackberry and Vanilla Cupcakes with Liquorice Frosting,3.0,Genoise Layered Mousse Cake with Chocolate Ganache,At risk
2,1,Baker_44,s2e1,Rhubarb and Custard Cupcakes & After Dinner Cupcakes,2.0,Vanilla Sponge with White Chocolate and Raspberry Buttercream,Safe
2,1,Baker_45,s2e1,Apple and Cinnamon Cupcakes,10.0,,Safe
2,1,Baker_46,s2e1,Cherry Blossom Cupcakes & Japanese Lime Cupcakes,7.0,Orange Blossom Celebration Cake,Safe
2,1,Baker_47,s2e1,Guinness and Chocolate Cupcakes,9.0,Two-Tiered Chocolate Courgette Cake,At risk
2,1,Baker_48,s2e1,Earl Grey Cupcakes,12.0,Chocolate and Sour Cream Cake,Eliminated
2,2,Baker_49,s2e2,"Caramelised Onion, Gruyere and Thyme Quiche",10.0,Raspberry and Mascarpone Tarts with Lemon and Almond Pastry & Honey and Almond Tarts with Sweetcrust,At risk
2,2,Baker_50,s2e2,Pesto Quiche,4.0,Milk Chocolate and Pistachio Tarts & Trifle Tarts,Safe
2,2,Baker_51,s2e2,"Roasted Cauliflower, Cheese and Caramelised Onion Quiche",9.0,Butterscotch Brulée Tarts in Pecan Pastry & Apple Rose Tarts,Safe
2,2,Baker_52,s2e2,Quiche Printanière,8.0,Red Fruit Tarts & Chocolate and Cherry Tarts,Safe
2,2,Baker_53,s2e2,Smoked Haddock and Watercress Quiche,6.0,Chocolate and Orange with Cinnamon-Orange Pastry Tarts & Blueberry and Hazelnut with Hazelnut Pastry Tarts,Safe
2,2,Baker_54,s2e2,Salmon and Pak Choi Quiche,3.0,Mint Chocolate Tarts & Blueberry Bakewell Tarts,Star Baker
2,2,Baker_55,s2e2,Smoked Bacon and Kale Quiche,5.0,"Chocolate, Fennel and Ginger Tart & Almond, Creme Patisserie and Poached Pear Tart",At risk
2,2,Baker_56,s2e2,"Chorizo, Pepper and Gruyere Quiche",1.0,Lemon Meringue Tarts,Safe
2,2,Baker_57,s2e2,"Stilton, Spinach and New Potato Quiche with Paprika and Walnut Pastry",2.0,,Did well
2,2,Baker_58,s2e2,"Crab, Coriander and Coconut Quiche",7.0,Strawberry and Basil Tarts & Elderflower and Honeycomb Tarts,Safe
2,2,Baker_59,s2e2,Smoked Haddock and Watercress Quiche,11.0,"Passion Fruit and Ricotta Tarts & Salted Chocolate, Stem Ginger and Mascarpone Cream Tarts",Eliminated
2,3,Baker_60,s2e3,"Ham, Mozzarella and Picante Pepper Stromboli",1.0,,Safe
2,3,Baker_61,s2e3,Picnic Loaf,6.0,Stilton and Walnut Rolls,Safe
2,3,Baker_62,s2e3,Ploughman's Loaf,5.0,Herb and Walnut Breads & Chocolate and Chilli Buns,Did well
2,3,Baker_63,s2e3,Zupfe Loaf with Gruyère Cheese,8.0,Apple and Walnut Granary Rolls & Sage and Red Onion Cottage Rolls,At risk
2,3,Baker_64,s2e3,Egyptian Dukkah Loaf with Mixed Spices,2.0,Pesto Bread & Sweet Coconut Rolls,Star Baker
2,3,Baker_65,s2e3,Cheese and Onion Tear and Share Loaf,7.0,,Safe
2,3,Baker_66,s2e3,Rye and Coriander Seed Loaf,4.0,Blueberry Brioche Rolls & Lemon and Poppy Seed Rolls,At risk
2,3,Baker_67,s2e3,"Walnut, Raisin and Rosemary Loaf",3.0,,Safe
2,3,Baker_68,s2e3,"Courgette, Caerphilly Cheese and Thyme Loaf",10.0,Walnut and Raisin Rolls & Cracked Wheat Logs,Eliminated
2,3,Baker_69,s2e3,Salt and Peppercorn Loaf,9.0,Chilli and Halloumi Rolls & Lemon and Coriander Mini Loaves,Eliminated
2,4,Baker_70,s2e4,Lavender Biscuits,8.0,Blueberry Macarons & Coconut Macarons & Strawberry Macarons,Safe
2,4,Baker_71,s2e4,Strawberry and Custard Melts,3.0,"Chocolate bars of my youth' (Caramel Macarons, Mint Chocolate Macarons and Chocolate Orange Macarons)",Star Baker
2,4,Baker_72,s2e4,Melting Moments,2.0,Blackcurrant and Mint Macarons & Gooseberry and Elderflower Macarons & Hazelnut Macarons,Did well
2,4,Baker_73,s2e4,Christmas Marzipan Biscuits,4.0,Raspberry Macarons & Blackcurrant Macarons & Almond Macarons,Safe
2,4,Baker_74,s2e4,Chocolate Chip and Pistachio Biscotti,6.0,Chocolate and Lime Macarons & Coffee and Walnut Macarons & Pineapple and Coconut Macarons,At risk
2,4,Baker_75,s2e4,Lebkuchen,1.0,"Mocktail Macarons & (Mojito, Cranberry Cooler, and Piña Colada)",Star Baker
2,4,Baker_76,s2e4,Chocolate and Ginger Oat Biscuits,7.0,Strawberry and Lime Macarons & Lemon Macarons & Chocolate and Cardamom Macarons,Safe
2,4,Baker_77,s2e4,Stem Ginger Nuts,5.0,Chocolate and Almond Macarons & Pine Nut Macarons & Pistachio Macarons,Eliminated
2,5,Baker_78,s2e5,Salmon and Asparagus Pie,6.0,Apple and Raspberry Meringue Pie,Safe
2,5,Baker_79,s2e5,"Stilton, Potato and Caramelised Onion Pie",4.0,Lime Meringue Pie,Safe
2,5,Baker_80,s2e5,Chicken and Bacon Pie,2.0,Midnight Meringue Pie,Did well
2,5,Baker_81,s2e5,Chicken and Chestnut Pie,1.0,Rhubarb Meringue Pie,Star Baker
2,5,Baker_82,s2e5,Family Fish Pie,5.0,Peach and Raspberry Meringue Pie,At risk
2,5,Baker_83,s2e5,Brown Down Chicken Pie,7.0,Plum Meringue Pie,Eliminated
2,5,Baker_84,s2e5,Chicken and Mushroom Pie,3.0,Rhubarb & Custard Meringue Pie,Eliminated
2,6,Baker_85,s2e6,Rum and Raisin Baked Cheesecake,1.0,Limoncello and White Chocolate Croquembouche,Star Baker
2,6,Baker_86,s2e6,Father Christmas' Baked Cheesecake,3.0,Hansel and Gretel's Croquembouche,At risk
2,6,Baker_87,s2e6,Tutti Fruitti Curd Baked Cheesecake,4.0,Orange and Praline Croquembouche with Cardamom Caramel,Did well
2,6,Baker_88,s2e6,Rhubarb and Ginger Baked Cheesecake,5.0,Orange and Nougatine Croquembouche,Did well
2,6,Baker_89,s2e6,Baked Amaretto Cheesecake,2.0,Rose Croquembouche,Eliminated
2,7,Baker_90,s2e7,Raspberry & Strawberry Mousse Cake,3.0,Pain Aux Raisin & Chocolate Twists & Banana and Raisin Pastries,Did well
2,7,Baker_91,s2e7,"White Chocolate, Hazelnut and Raspberry Génoise Mousse Cake",1.0,"Apricot, Macadamia and White Chocolate Pinwheels & Almond Croissants & Apple, Raisin and Cinnamon Plaits",Did well
2,7,Baker_92,s2e7,Chocolate and Orange Mousse Cake,2.0,Raspberry Rose Danishes & Praline Spirals & Alsatian Plaited Danishes,At risk
2,7,Baker_93,s2e7,Chocolate Amaretto Mousse Cake,4.0,Pain Aux Raisin & Plain Croissant & Pain Au Chocolat,Eliminated
2,8,Baker_94,s2e8,Raspberry and Blueberry Mille Feuille,1.0,"Mini Victoria Sandwiches & Raspberry, White Chocolate and Pistachio Mini Meringues & Mini Banoffee Pie with Banana Mousse",Winner
2,8,Baker_95,s2e8,Banoffee Inspired Mille Feuille,2.0,Strawberry and Cream Meringue Nest & Gooseberry and Elderflower 'Bakewell' Tarts & Neapolitan Ice-Cream Sandwich,Runner-up
2,8,Baker_96,s2e8,Lemon and Ginger Mille Feuille,3.0,Fruit Tarts with Elderflower Custard & Strawberry and Rhubarb Cheesecakes & Black Fruit Meringue with Everlasting Syllabub,Runner-up
3,1,Baker_97,s3e1,"Toffee Apple, Orange & Cranberry Upside Down Cake",11.0,Hidden Pink Hearts Cake,Safe
3,1,Baker_98,s3e1,"Plum, Sour Cherry & Walnut Upside Down Cake",10.0,St. Patrick's Day Cake with Hidden Irish Flag*[12],Safe
3,1,Baker_99,s3e1,"Parsnip, Pear, and Pecan Upside Down Cake",2.0,Simmer Dim Sunset Cake,Safe
3,1,Baker_100,s3e1,"Plum, Ginger & Orange Upside Down Cake",7.0,Nectar Cake with Hidden Beehive*[13],Safe
3,1,Baker_101,s3e1,"Apple, Hazelnut and Calvados Upside Down Cake",5.0,Hidden Cupcake Cake,Did well
3,1,Baker_102,s3e1,Kumquat and Orange Polenta Upside Down Cake,8.0,Hidden Flowerbed Mousse Cake,Safe
3,1,Baker_103,s3e1,"Pear, Chocolate and Hazelnut Upside Down Cake",1.0,Hidden Crown Cake,Safe
3,1,Baker_104,s3e1,"Vanilla, Peach and Raspberry Upside Down Cake",6.0,White Chocolate Cake with a Red Velvet and White Chocolate Mousse Heart,Safe
3,1,Baker_105,s3e1,Tomato and Ginger Upside Down Cake,9.0,Lemon and Pistachio Union Flag Cake,At risk
3,1,Baker_106,s3e1,Pear and Pecan Upside Down Cake,4.0,Blackbird Pie Cake,Star Baker
3,1,Baker_107,s3e1,"Pear, Muscat & Chocolate Upside Down Cake",3.0,Jubilee Cake,Safe
3,1,Baker_108,s3e1,Pineapple & Passion fruit Upside Down Cake,12.0,Mother's Day Layered Rose Cake,Eliminated
3,2,Baker_109,s3e2,"Coriander and Chilli Rotis & Garlic, Pomegranate and Potato Pitas",1.0,"Fig, Walnut and Gruyere Bagels; Blueberry and White Chocolate Bagels",Star Baker
3,2,Baker_110,s3e2,Middle Eastern Taboon Bread & Indian Roti,4.0,Chocolate and Vanilla Bagels; Cumin and Gruyere Bagels,Did well
3,2,Baker_111,s3e2,"Tomato, Garlic, and Parmesan Flatbreads & Tattie scones",2.0,"Orange, Mint and Chocolate Bagels; 'Millers' Sourdough Bagels",Did well
3,2,Baker_112,s3e2,Lime Coriander and Coconut Tortillas & Zaatar Naan with Dukkah,3.0,,Safe
3,2,Baker_113,s3e2,"Spiced Mango Naan & Lime, Coriander and Chilli Tortillas",8.0,"Cranberry and Orange Bagels; Chipotle, Chilli, and Smoked Cheddar Bagels",Safe
3,2,Baker_114,s3e2,Shanghai Spring Onion Flatbreads & Garlic and Coriander Naan,5.0,Cinnamon and Date Bagels; Tarragon and Rosemary Bagels,Safe
3,2,Baker_115,s3e2,Coconut Roti & Oatcakes,10.0,,Safe
3,2,Baker_116,s3e2,Indian Flatbreads & Italian Flatbreads,6.0,Chocolate Orange Bagels,Safe
3,2,Baker_117,s3e2,Bombay Bread & Chorizo and Spring Onion Naan,9.0,Cinnamon and Cranberry Bagels; Tomato and Thyme Bagels,At risk
3,2,Baker_118,s3e2,Coriander and Lemon Naan & Garlic and Parsnip Chapatis,7.0,Saffron and Golden Raisin Bagels; Porcini Bagels,At risk
3,2,Baker_119,s3e2,Fennel and Nigella seed Naan & Bannock Bread,11.0,Rosemary and Sea Salt Bagels; Apple and Cinnamon Bagels,Eliminated
3,3,Baker_120,s3e3,Apple and Vanilla Tarte Tatin with Walnut Praline,6.0,"Berries, Grapes, Pomegranate, and Dragon Fruit Tart",Safe
3,3,Baker_121,s3e3,Apple and Ginger Tarte Tatin,9.0,"Blackberry, Nectarine and Dragon Fruit Tart",At risk
3,3,Baker_122,s3e3,Apple and Lavender Tarte Tatin,1.0,"Rose, Lychee and Raspberry Fruit Tart",Star Baker
3,3,Baker_123,s3e3,Savoury Pear and Roquefort Tarte Tatin,2.0,"Pineapple, Coconut and Frangipane Tart",Safe
3,3,Baker_124,s3e3,"Plum, Cherry and Five spice Tarte Tatin",3.0,"Raspberry, Pistachio and Lemon Tart",Safe
3,3,Baker_125,s3e3,Spiced Pear Tarte Tatin,5.0,,Safe
3,3,Baker_126,s3e3,Caramelised Banana Tarte Tatin,8.0,French Apple Tart with Blackberry and Cassis Jam,Safe
3,3,Baker_127,s3e3,"Cinnamon, Apple and Pear Tarte Tatin",10.0,Rum and Tropical Fruit Tart,Safe
3,3,Baker_128,s3e3,Pear and Almond Tarte Tatin,7.0,Raspberry Triple Chocolate Layered Tart,Did well
3,3,Baker_129,s3e3,"Fig, Walnut and Pink peppercorn Tarte Tatin",4.0,Tropical Fruit Tart with Black Pepper Crust,Eliminated
3,4,Baker_130,s3e4,Torte Noir' Black Forest Torte with Boozy Cream,6.0,Elderflower and Bramble Berry Pavlova,Safe
3,4,Baker_131,s3e4,Clementine and Chestnut Torte,1.0,"Pear, Chocolate and Hazelnut Dacquoise",Star Baker
3,4,Baker_132,s3e4,"Hazelnut, Chocolate and Passionfruit Torte",5.0,"Fig, Chestnut, Cherry and Chocolate Layered Meringue",Safe
3,4,Baker_133,s3e4,"Blackberry, White Chocolate, Lemon and Elderflower Torte",2.0,"Monte Bianco' Chestnut, Chocolate and Coffee Dacquoise",Did well
3,4,Baker_134,s3e4,"White Chocolate, Macadamia and Coffee Torte",3.0,"Gooseberry, Almond and Honey Meringue",Safe
3,4,Baker_135,s3e4,Green Tea Opera Torte,7.0,"Strawberry, Rose and Pistachio Meringue",At risk
3,4,Baker_136,s3e4,Chocolate and Almond Truffle Torte,4.0,Hazelnut Tiramisu Layered Meringue,Safe
3,4,Baker_137,s3e4,"Almond, Chocolate and Cherry Torte",9.0,Tiramisu Layered Meringue Dessert,At risk
3,4,Baker_138,s3e4,Black Forest Torte,8.0,Choca Blocka Mocha Meringue,Eliminated
3,5,Baker_139,s3e5,Venison and Haggis Wellington,2.0,Star Spangled Pecan pie,Safe
3,5,Baker_140,s3e5,Salmon Coulibiac in a Scandinavian Pastry,3.0,All American Chiffon pie,Did well
3,5,Baker_141,s3e5,Four Pig Wellington,6.0,Sweet Potato Pie,Safe
3,5,Baker_142,s3e5,"Chickpea, Spinach & Mushroom Wellington",7.0,Trick or Treat Pumpkin pie,At risk
3,5,Baker_143,s3e5,Full English Wellington,1.0,Chocolate and Peanut Butter Pumpkin Pie,Safe
3,5,Baker_144,s3e5,Curry Spiced Seabass Wellington,8.0,Key lime pie,Star Baker
3,5,Baker_145,s3e5,Beef Wellington with Parma ham and Gorgonzola cheese,4.0,Chocolate and Banana Cream Pie,At risk
3,5,Baker_146,s3e5,Lamb Wellington with Rosemary and Mint,5.0,Banana Scotch pie,Eliminated
3,6,Baker_147,s3e6,Spicy Toffee Puddings & Raspberry and White Chocolate Puddings,5.0,Did not complete due to injury[1],At risk
3,6,Baker_148,s3e6,"Rhubarb, Strawberry and Ginger Puddings & Sticky toffee puddings",1.0,"Spinach, Cheese and Walnut Strudel",Star Baker
3,6,Baker_149,s3e6,Banana and Clove Puddings & Clootie Dumplings,7.0,"Strawberry, Rhubarb and Ginger Strudel",At risk
3,6,Baker_150,s3e6,Banoffee Puddings with Walnut Butterscotch Sauce & Jubilee Chocolate Fondants,2.0,"Leek, Potato, Pistachio and Gruyère Strudel",Did well
3,6,Baker_151,s3e6,Chocolate Walnut Whip Puddings & Elderflower Sponges,3.0,"Roasted Vegetable, Couscous and Sheep Cheese Strudel",Safe
3,6,Baker_152,s3e6,Chocolate Fondants & Sticky Ginger and Date Puddings,6.0,"Apple, Sour Cherry, Raisin and Mixed Nuts Strudel",Safe
3,6,Baker_153,s3e6,Sticky Toffee Puddings & Granny's Saucy Lemon Puddings,4.0,Sweet Strudel with Sour Cherries,At risk
3,7,Baker_154,s3e7,Cherry and Almond Saffron buns,3.0,Marzipan Stollen,At risk
3,7,Baker_155,s3e7,Chelsea Bunskis,4.0,Black Forest Christmas Stollen,Did well
3,7,Baker_156,s3e7,Easter Chelsea Buns,1.0,Whisky Kugelhopf-Brioche Baba,At risk
3,7,Baker_157,s3e7,Bakewell Chelsea buns,2.0,European Christmas Wreath,Star Baker
3,7,Baker_158,s3e7,Lady Arundel's Manchet Buns,5.0,Bonfire Night Tear 'N' Share Brioche,At risk
3,7,Baker_159,s3e7,Lardy cakes,6.0,Char Siu Bao,Eliminated
3,7,Baker_160,s3e7,"Orange, Nutmeg and Saffron Buns",7.0,Sour Cherry and Dark Chocolate Christmas Plait,Eliminated
3,8,Baker_161,s3e8,Asian Spice Crackers,3.0,Gingerbread Roman Coliseum,Did well
3,8,Baker_162,s3e8,Multi-Seed Savoury Crackers,2.0,Fantasy Gingerbread Bird House,Safe
3,8,Baker_163,s3e8,"Smoky Cayenne, Cumin and Chilli Crackers",1.0,Gingerbread Barn,Star Baker
3,8,Baker_164,s3e8,Spiced Almond Drinks Crackers,4.0,Gingerbread Big Ben,At risk
3,8,Baker_165,s3e8,Cheese and Pickle Crackers,5.0,Gingerbread Buckingham Palace,Eliminated
3,9,Baker_166,s3e9,Lemon Madeleines & White Chocolate and Raspberry Tartlets & Dark Chocolate and Cherry Macarons,2.0,Gateau St. Honoré a la Passion,At risk
3,9,Baker_167,s3e9,Coffee Meringue and Hazelnut Creams & Apricot and Pistachio Friands & Lime Curd Choux pastry Cygnets,3.0,Gateau St. Honoré,Did well
3,9,Baker_168,s3e9,"Lemon and Rhubarb Tartlets & Chocolate Indulgence Petits Fours & Chilli, Lime and Raspberry Macarons",1.0,"Coffee, Caramel and Hazelnut Paris–Brest",Star Baker
3,9,Baker_169,s3e9,Blackberry and Peppermint Macarons & Miniature Raspberry and Basil Financiers & Orange and White Chocolate Langues de Chat,4.0,Rosewater and Lychee Gateau St. Honoré,Eliminated
3,10,Baker_170,s3e10,Italian Sausage and Roasted Vegetable Pithivier,2.0,Heaven and Hell Chiffon Cake,Winner
3,10,Baker_171,s3e10,Potato and Pepper Pithivier,2.0,Family Reunion Chiffon Cake,Runner-up
3,10,Baker_172,s3e10,Spanish Pithivier with Chorizo and Red Pepper,1.0,United Chiffon Cakes,Runner-up
4,1,Baker_173,s4e1,Giant Jam Sandwich,7.0,Secret Squirrel Cake,Did well
4,1,Baker_174,s4e1,Blood Orange Cake,10.0,"Chocolate, Raspberry & Basil Layer Cake",Safe
4,1,Baker_175,s4e1,Rhubarb and Custard Sandwich Cake,12.0,Chocolate and Ginger Night Sky Cake,At risk
4,1,Baker_176,s4e1,Grapefruit Sandwich Cake,8.0,Chocolate Cherry Indulgence,Safe
4,1,Baker_177,s4e1,"Strawberry, Vanilla and Rosewater Summer Basket",3.0,Chocolate and Orange 'Fripperous' Hat Cake,Safe
4,1,Baker_178,s4e1,Strawberries and Cream Cake,4.0,Almond and Espresso Chocolate Cake,Safe
4,1,Baker_179,s4e1,Gluten Free Passion Fruit and Coconut Cake,6.0,Black Forest Revisited,Did well
4,1,Baker_180,s4e1,Pecan and Apple Cake,1.0,Raspberry Chocolate Cake,Star Baker
4,1,Baker_181,s4e1,Rose and Pistachio Cake,11.0,"Chocolate, Raspberry and Passion Fruit Engagement Cake",At risk
4,1,Baker_182,s4e1,Pineapple Cake,9.0,Coffee Time',Safe
4,1,Baker_183,s4e1,Lemon and Poppy Seed Cake,5.0,Chocolate Monster,Safe
4,1,Baker_184,s4e1,Timperley Early Cake,2.0,Thyme 'Wildwood' Cake,Safe
4,1,Baker_185,s4e1,Spiced and Iced Carrot Cake,13.0,Two Tiered Chocolate Cake,Eliminated
4,2,Baker_186,s4e2,Giant Matchsticks,2.0,Sailor's Knot,Safe
4,2,Baker_187,s4e2,Nigella Seed and Parmesan Breadsticks,1.0,Peace Bread,Did well
4,2,Baker_188,s4e2,Mexican Breadsticks,3.0,White Chocolate and Orange Peacock Bread,Star Baker
4,2,Baker_189,s4e2,Fennel and Chilli Breadsticks,11.0,Five Strand Christmas Wreath,At risk
4,2,Baker_190,s4e2,Mediterranean Breadsticks with Oregano,4.0,Double Plaited Loaf,Safe
4,2,Baker_191,s4e2,Rosemary and Parmesan Grissini,7.0,Harvest Crown,Safe
4,2,Baker_192,s4e2,Moroccan Breadsticks,10.0,Picasso Sun Bread,Safe
4,2,Baker_193,s4e2,Twisty Rye Bread Sticks,5.0,Paul the Psychic Octopus Tribute Loaf,At risk
4,2,Baker_194,s4e2,Italian Grissini,9.0,Sweet and Savoury Yin Yang Bread,Safe
4,2,Baker_195,s4e2,Fennel & Chilli Breadsticks,8.0,Walnut Fleur Loaf,Safe
4,2,Baker_196,s4e2,Rosemary & Raisin Breadsticks,6.0,Sage and Garlic Plait,At risk
4,2,Baker_197,s4e2,Grissini with Salt,12.0,Roasted Tomato Bread,Eliminated
4,3,Baker_198,s4e3,Apple and Blackberry Crumble Trifle,8.0,Ballet Bites' Ginger Nutcrackers and Sugar Plum Fairy Cakes,Did well
4,3,Baker_199,s4e3,"Peach, Almond and Ginger Trifle",6.0,Chocolate Pistachio Financiers and Lemon Bergamot Biscuits,Safe
4,3,Baker_200,s4e3,Desert Island Trifle,3.0,Lemon Shortbread and White Chocolate Seashells and Blackberry and Chocolate Layer Cakes,Did well
4,3,Baker_201,s4e3,Orange and Ginger Trifle,10.0,Limoncello and Blueberry Bursts and Millionaires' Shortbread,Safe
4,3,Baker_202,s4e3,Caribbean Pina Colada Trifle,4.0,Ninety-Niners and Sachertorte Parcels,Star Baker
4,3,Baker_203,s4e3,Raspberry and Almond Trifle,1.0,Billionaire Bouchées and Orange Financiers,Safe
4,3,Baker_204,s4e3,Caramel and Apple Trifle*,7.0,Black Coffee and Cardamom Cakes and White Stilton and Pear Biscuits,At risk
4,3,Baker_205,s4e3,Rhubarb and Orange Trifle,2.0,Almond Friands and Turón Macarons,Safe
4,3,Baker_206,s4e3,"Coconut, Raspberry and Lemon Meringue Trifle",5.0,Vanilla Latte Mini Cakes and Lime & Mint Shortbread Pops,Safe
4,3,Baker_207,s4e3,Tropical Trifle*,9.0,Canelé Cherry and Chocolate Cakes and Rose Cookies,Eliminated
4,3,Baker_208,s4e3,"Ginger, Mango and Passion Fruit Trifle",11.0,Rose and Pistachio Macarons and Chocolate and Raspberry Bites,Eliminated
4,4,Baker_209,s4e4,Peach Pie In the Sky,1.0,Cherry Tree Baklava Filo Pie,Safe
4,4,Baker_210,s4e4,Pecan and Rosemary Caramel Apple Pie,4.0,"Chicken, Bacon and Butternut Squash Pie",Star Baker
4,4,Baker_211,s4e4,Apple and Marzipan Pie,6.0,"Rose, Almond and Raspberry Filo Pie",Did well
4,4,Baker_212,s4e4,Mamgu's Cherry-Apple Tart (Rhubarb Pie),2.0,Moroccan Vegetable Filo Feast,Safe
4,4,Baker_213,s4e4,"Granny Rogers' Apple, Plum & Cinnamon Country Pie",7.0,Roasted Vegetable Filo Pie with Feta Cheese,Safe
4,4,Baker_214,s4e4,Apple & Maple Syrup Pie,9.0,Spanakopita,At risk
4,4,Baker_215,s4e4,Apple Pie with Sage Pastry,5.0,Fresh Fig and Feta Filo Flan,Safe
4,4,Baker_216,s4e4,Apple and Pear Pie with Thyme,3.0,Spanakopita with St George's Mushrooms,At risk
4,4,Baker_217,s4e4,Apple and Ginger Pie with a Pecan and Walnut Shortcrust Pastry,8.0,"Orange, Cardamom and Date M'Hanncha",Eliminated
4,5,Baker_218,s4e5,Millionaire Banoffee Bonus,3.0,Biscuit Buttons and Beads,Safe
4,5,Baker_219,s4e5,Cherry and Almond Bakewell Florentine Slice,7.0,Black and White Viennese Biscuit Stack,At risk
4,5,Baker_220,s4e5,Blackberry and Lemon Bakewell Slice,6.0,Dropped Ice-Cream' Biscuit Centrepiece,At risk
4,5,Baker_221,s4e5,"Chocolate, Cherry and Hazelnut Brownies",5.0,Tiered Macaron and Sugar Dough Biscuit Centrepiece,Safe
4,5,Baker_222,s4e5,Mixed Berry and Almond Crumble Traybake,1.0,Shortbread Bavarian Clock Tower,Star Baker
4,5,Baker_223,s4e5,Apricot and Pistachio Tiffin,2.0,Shortbread and Macaron Helter-Skelter,Did well
4,5,Baker_224,s4e5,Breakfast Traybake,8.0,Japanese Pagoda Tea Tower,Safe
4,5,Baker_225,s4e5,Blueberry & Orange Traybake,4.0,Orange and Lemon Biscuit Dalek,Eliminated
4,6,Baker_226,s4e6,Chai Tea Loaf,2.0,Hot Cross Brioches and Rhubarb and Custard Kolaches,Did well
4,6,Baker_227,s4e6,Chai Spiced Ginger and Date Tea Loaf,3.0,Double Chocolate Brioches with Kumquat Marmalade and Almond and Apricot Danish Kanelsnurrer,Safe
4,6,Baker_228,s4e6,Citrus Tea Loaf,1.0,Twisted Swedish Kanelbullar and Saffron St. Lucia Buns,Star Baker
4,6,Baker_229,s4e6,Bara Brith,6.0,Chocolate and Rum-Soaked Prune Brioches and Cardamom Spiced Lemon Iced Buns,Safe
4,6,Baker_230,s4e6,Oxford Nutty Fruit Loaf,4.0,Schnecken Buns and Vanilla Custard Skolebrød,Safe
4,6,Baker_231,s4e6,Devonshire Panettone,5.0,Almond and Apricot Brioches and Sticky Caramel Kanelbullen,At risk
4,6,Baker_232,s4e6,Date & Hemp Yorkshire Loaf,7.0,Peachy Buns and German Baumschnecken,Eliminated
4,7,Baker_233,s4e7,Figgy Roll-y Poly Pudding with Caramelised Walnut and Honey Ice-Cream,5.0,French Framboise Cream Horns & Sheet Music Mille-feuille & Bass Clef Palmiers,Star Baker
4,7,Baker_234,s4e7,Barberry and Apple Spotted Dick with Maple Syrup and White Chocolate Custard,4.0,"Pear, Malt and Butterscotch Mille-feuille & Blackberry and Lemon Verbena Crème Brûle Custard Tarts & Fig, Orange and Thyme Galette",Safe
4,7,Baker_235,s4e7,Plum Jam Roly-Poly with Ginger Ice cream,2.0,Raspberry and Passion Fruit Mille-feuille & Caramelised Apple Lattice & Portuguese Custard Tarts,Safe
4,7,Baker_236,s4e7,Spring Lamb and Vegetable Suet Pudding with Redcurrant Gravy,1.0,Nectarine and Frangipane Squares & Chocolate and Hazelnut Vol-au-vents & Strawberries and Cream Mille-feuille,Did well
4,7,Baker_237,s4e7,Spotted Dick 'With a Kick' and Vanilla Custard Ice Cream,6.0,Eccles Cakes & Fresh Fruit Baskets & Lemon Cream Eton Mess Mille-feuille,At risk
4,7,Baker_238,s4e7,Prune and Armagnac Pudding with Boozy Butterscotch Sauce,3.0,Caramelised Apple and Marzipan Tartlets & Chocolate Elephant Ears & Passion Fruit Mille-feuille,Eliminated
4,8,Baker_239,s4e8,Chelsea Flour Show' Bun Bouquet,3.0,Hidden Carrot Cake,At risk
4,8,Baker_240,s4e8,Wild Garlic Pesto and Parma Ham Spelt Loaf,2.0,Butternut Squash and Spice Cake Toadstool House,Did well
4,8,Baker_241,s4e8,Mango and Nigella Seed Spelt Cob,1.0,Carrot Cake and Pistachio Garden Plot,Star Baker
4,8,Baker_242,s4e8,"Potato, Spelt and Rosemary Focaccia",4.0,Spiced Butternut Squash and Pecan 'Cheese' Cake,At risk
4,8,Baker_243,s4e8,"Multi-Seeded Loaf with Pumpkin, Sesame and Sunflower Seeds",5.0,Sweet Potato Guitar with Passion Fruit Icing and Marshmallow Fondant,Eliminated
4,9,Baker_244,s4e9,"Légume Canapés (Chantenay Carrots, Choux Pastry Tomatoes, and Cauliflower Cheese Scones)",2.0,Great British Soap Opera Cake,Did well
4,9,Baker_245,s4e9,Pea Purée Tarts & Crab and Wasabi Profiteroles & Steamed Buns with Barbecue Chicken,1.0,Passion Fruit and Lime Opera Cake,Star Baker
4,9,Baker_246,s4e9,"Beetroot Jelly on Poppy Seed Biscuits & Spinach, Parmesan and Egg Tartlets & Choux Buns with Goat's Cheese and Caramelised Onions",4.0,"Chocolate, Almond Praline and Saffron Opera Cake",At risk
4,9,Baker_247,s4e9,Stilton and Walnut Macarons & Beetroot and Salmon Choux Puffs & Welsh Rarebit Tartlets,3.0,Banoffee Opera Cake,Eliminated
4,10,Baker_248,s4e10,Rainbow Picnic Pie,3.0,Midsummer Night's Dream Wedding Cake,Winner
4,10,Baker_249,s4e10,Chicken and Pig Pie,1.0,Languages of Love Wedding Cake,Runner-up
4,10,Baker_250,s4e10,Picnic Basket Pie,2.0,"Raspberry, Lemon and Passion Fruit Wedding Cake",Runner-up
5,1,Baker_251,s5e1,Coffee and Hazelnut Swiss Roll,1.0,Jaffa Orange Cakes,Star Baker
5,1,Baker_252,s5e1,Spanish Swiss Roll,7.0,Raspberry and Lemon Genoise Slices with Lemon Drizzles,Safe
5,1,Baker_253,s5e1,Pistachio and Strawberry Swiss Roll,10.0,Miniature Coffee and Walnut Cakes,Did well
5,1,Baker_254,s5e1,"Cardamom, Pistachio and Coffee Swiss Roll",3.0,Tiered Victoria Sponges with Lemon Curd and Raspberry Cream,Safe
5,1,Baker_255,s5e1,Tiramisu Swiss Roll,2.0,Mini Lemon and Thyme Drizzle Cakes,Did well
5,1,Baker_256,s5e1,Red Velvet and White Chocolate Swiss Roll,6.0,Mini Tiered Victoria Sponges,Safe
5,1,Baker_257,s5e1,Black Forest Swiss Roll,11.0,Almond and Raspberry Mini Cakes,Safe
5,1,Baker_258,s5e1,Mum's Sunday Tea Lemon Curd Swiss Roll,5.0,Chocolate Ganache Surprises,Safe
5,1,Baker_259,s5e1,Apricot and Basil Swiss Roll with Mascarpone and White Chocolate Cream,4.0,"Lemon Drizzle Cakes with Mascarpone Filling, Drizzled Icing, and Candied Lemon",At risk
5,1,Baker_260,s5e1,Kawaii Frasier Swiss Roll,12.0,Lemon Drizzle Cakes with Blueberry and Lemon Curd,At risk
5,1,Baker_261,s5e1,Raspberry and Lemon Swiss Roll,9.0,Coffee and Walnut Battenberg Squares,Safe
5,1,Baker_262,s5e1,Chocolatey Orangey Swiss Roll,8.0,Mini Chocolate and Cherry Cakes,Eliminated
5,2,Baker_263,s5e2,Fennel and Rye Thins,2.0,Hansel and Gretel Scene,Safe
5,2,Baker_264,s5e2,Black Olive and Rosemary Biscuits with Caramelised Onion Glaze,3.0,George Versus The Dragon,Did well
5,2,Baker_265,s5e2,Rosemary Seeded Crackers,1.0,Pirates!,Star Baker
5,2,Baker_266,s5e2,Fenugreek and Carom Crackers,8.0,Day On The Beach,Safe
5,2,Baker_267,s5e2,Caramelised Onion and Goat's Cheese Sandwich Biscuits,5.0,Ski Village Scene,Safe
5,2,Baker_268,s5e2,Parmesan and Apple Biscuits,4.0,Tea Time,Safe
5,2,Baker_269,s5e2,Farthing Biscuits,10.0,Zulu Boats at Dawn,At risk
5,2,Baker_270,s5e2,Parmesan Triangles,7.0,"Express, First Class",Safe
5,2,Baker_271,s5e2,Za'atar and Fig Biscuits,11.0,Wild West Scene,Safe
5,2,Baker_272,s5e2,"Sourdough, Parmesan and Chilli Biscuits",6.0,Monster Attack,Safe
5,2,Baker_273,s5e2,Pumpkin and Sunflower Seed Savoury Biscuits,9.0,Space Adventure Moon Scene,Eliminated
5,3,Baker_274,s5e3,Cider and Walnut Crusty Rolls,5.0,Full English' Stromboli,Safe
5,3,Baker_275,s5e3,Opposites Attract Rolls,2.0,Roscón de Reyes,Star Baker
5,3,Baker_276,s5e3,Rye and Cranberry Rolls,6.0,Pesto Pinwheel,Safe
5,3,Baker_277,s5e3,Onion and Pine Nut Rolls,8.0,Rolled and Filled Twin Loaf,Safe
5,3,Baker_278,s5e3,Date and Walnut Rye Rolls,3.0,Stuffed Sunflower Loaf,Safe
5,3,Baker_279,s5e3,Orange and Cardamom Rye Bread Knots,1.0,"Prosciutto, Olive & Coriander Bread",Did well
5,3,Baker_280,s5e3,Rye Bread Rolls,4.0,Chicken and Roasted Vegetable Picnic Loaf,At risk
5,3,Baker_281,s5e3,Rustic Picnic Rolls,7.0,Sharing Savoury Pinwheel,Safe
5,3,Baker_282,s5e3,Cranberry and Walnut Rye Bread Rolls,9.0,Moroccan Plaited with a Bessara Dip,Safe
5,3,Baker_283,s5e3,Rye and Spelt Bread Rolls,10.0,Strawberry Raspberry Cheesecake Brioche,Eliminated
5,4,Baker_284,s5e4,Pistachio Puddings with Chocolate Sauce,4.0,Summer Pudding Alaska,Safe
5,4,Baker_285,s5e4,Pears in Puddings,2.0,Bakewell Alaska,Did well
5,4,Baker_286,s5e4,Black Forest Chocolate Fondants,5.0,Tiramisu Baked Alaska,Star Baker
5,4,Baker_287,s5e4,"Rhubarb, Strawberry and Orange Puddings",3.0,"Mango, Raspberry and Coconut Baked Alaska",Safe
5,4,Baker_288,s5e4,Peanut Butter Chocolate Fondants,1.0,Key Lime Baked Alaska,Safe
5,4,Baker_289,s5e4,Chocolate and Salted Caramel Molten Puddings,7.0,"Pistachio, Raspberry and Chocolate Baked Alaska",Did well
5,4,Baker_290,s5e4,Mini Sticky Toffee Puddings,8.0,Baked Alaska with Strawberry Surprise,At risk
5,4,Baker_291,s5e4,Orange and Lemon Curd Pots,9.0,Raspberry Ripple Alaska Swan,Safe
5,4,Baker_292,s5e4,"Chocolate, Lime and Raspberry Fondants",6.0,"Chocolate, Black Sesame Seed and Coffee Caramel Baked Alaska (not presented)",Eliminated
5,5,Baker_293,s5e5,Chocolate Crusted Passion Fruit Tart,4.0,Trio of Apple Pies,Did well
5,5,Baker_294,s5e5,Tropical Manchester Tart,6.0,Four Fruity Seasons Tower,Safe
5,5,Baker_295,s5e5,Fig and Orange Tart,7.0,Three Course Autumn Pie Feast,At risk
5,5,Baker_296,s5e5,Rice Custard Tart with Mangoes and Raspberries,2.0,Fusion Tiered Pies,Safe
5,5,Baker_297,s5e5,"Pistachio, Apricot and Honey Custard Tart",1.0,Three Little Pigs Pie,At risk
5,5,Baker_298,s5e5,Rhubarb and Custard Tart,3.0,"Rhubarb, Prune and Apple Pies",Star Baker
5,5,Baker_299,s5e5,Tarte au Citron,5.0,Pieful Tower,Eliminated
5,6,Baker_300,s5e6,Rum Punch Savarin with Coconut Cream and Tropical Fruits,1.0,Chocolate and Caramel Dobos Torte,Did well
5,6,Baker_301,s5e6,Apple and Cinnamon Kugelhopf with Honeyed Apples,3.0,The Cage on the Rocky Hill,Did well
5,6,Baker_302,s5e6,Fruity Guglhupf with an Orange Glaze,5.0,Sugar Forest Dobos Torte,At risk
5,6,Baker_303,s5e6,Orange Savarin with Cinnamon Cream,2.0,Almond Liqueur Dobos Torte with Chocolate Caramel Buttercream,Star Baker
5,6,Baker_304,s5e6,Dark Chocolate and Almond Liqueur Savarin,4.0,Chess-Themed Chocolate and Salted Caramel Dobos Torte,Safe
5,6,Baker_305,s5e6,"Pecan, Chocolate and Sour Cherry Yeast Cake",6.0,Trio of Dobos Tortes,At risk
5,7,Baker_306,s5e7,Spicy Duck Pasties,2.0,Smoked Salmon & Horseradish and Raspberry Ripple Éclairs,Did well
5,7,Baker_307,s5e7,Childhood Empanadas,5.0,Stars and Stripes Éclairs,Safe
5,7,Baker_308,s5e7,Minted Lamb Pasties,1.0,Stair of Éclairs: Blueberry and Lavender Éclairs & Raspberry and Rose Éclairs,Star Baker
5,7,Baker_309,s5e7,Crispy Lentil Kachori,6.0,Chocolate & Mango and Lemon Meringue Éclairs,Safe
5,7,Baker_310,s5e7,Mini Beef Wellingtons,3.0,Rhubarb & Custard and Maple Syrup & Bacon Éclairs,At risk
5,7,Baker_311,s5e7,Spinach and Paneer Spicy Samosa,4.0,Neapolitan and Lemon Meringue Éclairs,Eliminated
5,8,Baker_312,s5e8,Lincolnshire Plum Braid,3.0,Doughnut Family Tree: Limoncello Cream Donuts & Chocolate-Dipped Ring Donuts,At risk
5,8,Baker_313,s5e8,Black Forest Cherry Tree,2.0,Cocktail Doughnuts,Did well
5,8,Baker_314,s5e8,Fruit Swedish Tea Ring,4.0,Rhubarb and Custard Toffee Apple Doughnuts,Star Baker
5,8,Baker_315,s5e8,Date and Walnut Swirl Bread,1.0,Chocolate Mousse Filled Doughnuts & Braided Doughnuts,Safe
5,8,Baker_316,s5e8,Spiced Plum Iced Bread Swirl,5.0,Glazed Lemon and Poppyseed Doughnuts & Chocolate and Passion Fruit Doughnuts,Eliminated
5,9,Baker_317,s5e9,Coffee and Chocolate Baklava and Breakfast Baklava,3.0,Raspberry Nonnettes and Lime and Passion Fruit Entremets,At risk
5,9,Baker_318,s5e9,Indian Rose Baklava and Halwa Baklava Rolls,1.0,"Chocolate Mousse & Cherry Entremets and Pomegranate, Fig & Pistachio Sponges",Did well
5,9,Baker_319,s5e9,Rose and Pistachio Baklava and Walnut and Almond Baklava,2.0,Hazelnut Mocha Entremets and Pink Grapefruit Entremets,Star Baker
5,9,Baker_320,s5e9,Chocolate Orange Baklava and Masala Chai Baklava,4.0,"Chocolate, Orange & Nut Entremets and Cappuccino Entremets",Eliminated
5,10,Baker_321,s5e10,Apple and Lemon Kites & Raspberry and Almond Croissants,1.0,Red Windmill,Winner
5,10,Baker_322,s5e10,"Apple, Walnut, Raisin and Cheshire Cheese Chaussons & Pain au Chocolat Blanc with Raspberries and Cream Cheese",2.0,Village in Chocolate,Runner-up
5,10,Baker_323,s5e10,Pear Pain au Chocolat & Pain Au Lait,3.0,Mill on the Hill,Runner-up
6,1,Baker_324,s6e1,Orange and Green Cardamom Madeira Cake,12.0,Quadruple Chocolate Black Forest Gâteau,Did well
6,1,Baker_325,s6e1,Somewhere West of Madeira Cake,8.0,Black Forest Cherry Tree,Safe
6,1,Baker_326,s6e1,Pistachio and Rose Madeira Cake,4.0,Black Forest Gâteau in a Chocolate Shell,Did well
6,1,Baker_327,s6e1,Blood Orange Madeira Cake,6.0,Black Forest Gâteau,Did well
6,1,Baker_328,s6e1,"Lemon, Ginger and Caraway Seed Madeira Cake",10.0,Black Forest Chocolate Creation,Safe
6,1,Baker_329,s6e1,Gin and Tonic Madeira Cake,7.0,Black Forest Gateau,Safe
6,1,Baker_330,s6e1,Orange Vanilla and Fig Madeira Cake,2.0,Black Forest Gâteau,Safe
6,1,Baker_331,s6e1,Lemon and Thyme Madeira Cake,1.0,Falling Cup Gâteau,At risk
6,1,Baker_332,s6e1,Madeira Cake with Almond Liqueur and Chopped Apricots,9.0,Black Forest Gâteau,Safe
6,1,Baker_333,s6e1,Madeira Cake with Candied Lemons,5.0,Enchanted Forest Gâteau,At risk
6,1,Baker_334,s6e1,Zingy Citrus Madeira Cake,3.0,A Walk in the Black Forest,Star Baker
6,1,Baker_335,s6e1,Marley Madeira Cake,11.0,Purple Forest Gâteau,Eliminated
6,2,Baker_336,s6e2,"Coconut, Fennel and Pistachio Biscotti",9.0,Box of Fortunes,Safe
6,2,Baker_337,s6e2,"Orange, Rosemary and Almond Biscotti",3.0,Sandwich de la Confiture,Star Baker
6,2,Baker_338,s6e2,"Cinnamon, Maple and Cranberry Biscotti",8.0,Chessboard Box,Safe
6,2,Baker_339,s6e2,Wedding Biscotti,2.0,Honey and Earl Grey Tea Box,Safe
6,2,Baker_340,s6e2,"Chocolate, Hazelnut and Fig Biscotti",10.0,Memory Box,At risk
6,2,Baker_341,s6e2,"Pistachio, Cranberry and White Chocolate Biscotti",5.0,Gingerbread Fire Engine,Did well
6,2,Baker_342,s6e2,"Jackfruit, Pistachio and Macadamia Biscotti",6.0,Gingerbread Box filled with Brandy Snaps,Safe
6,2,Baker_343,s6e2,White Wine Biscotti,7.0,Baby Climbing into the Cookie Box,Safe
6,2,Baker_344,s6e2,Chocolate Chunk and Hazelnut Biscotti,4.0,Sundried Tomato Cheese Biscuit Box,Did well
6,2,Baker_345,s6e2,Almond and Apricot Biscotti with Amber Sugar Crystals,1.0,Box of Frogs,At risk
6,2,Baker_346,s6e2,Biscotti Italiano,11.0,Russian Box,Eliminated
6,3,Baker_347,s6e3,Mexican Bread with Warm Tomato Salsa,9.0,Snake Charmer's Basket,Safe
6,3,Baker_348,s6e3,Wild Garlic Pesto Soda Breads,1.0,Flour Power,Star Baker
6,3,Baker_349,s6e3,"Fig, Cheese and Walnut Breads",3.0,Breadcycle,Safe
6,3,Baker_350,s6e3,Fig and Hazelnut Rye Breads,2.0,Herb Couture,Safe
6,3,Baker_351,s6e3,Cranberry and Orange Sweet Soda Breads,10.0,King of the Jungle,Did well
6,3,Baker_352,s6e3,"Jalapeño, Mexican Cheddar and Smoked Salt Soda Breads",8.0,Curry Inspired Brighton Pavilion,At risk
6,3,Baker_353,s6e3,"Prosciutto, Manchego and Balsamic Onion Soda Breads",4.0,Cornucopia,Did well
6,3,Baker_354,s6e3,Chocolate Quick Breads with Salted Caramel Sauce,5.0,Easter Basket,Safe
6,3,Baker_355,s6e3,Soda Breads with Smoked Bacon and Onion,7.0,Basket of Bread Flowers with a Walnut and Blue Cheese Centre,Safe
6,3,Baker_356,s6e3,Walnut and Stilton Soda Breads,6.0,Unmade Bread,Eliminated
6,4,Baker_357,s6e4,Cinnamon Tea Crème Brûlées,8.0,Fizzy Pop Cheesecakes,Did well
6,4,Baker_358,s6e4,Pomegranate Two Ways Crème Brûlées,4.0,Trio of Spicy and Herby Baked Cheesecakes,Star Baker
6,4,Baker_359,s6e4,Rhubarb and Ginger Crème Brûlées,5.0,"Mango, Hazelnut and Rosemary Cheesecake Trio",Did well
6,4,Baker_360,s6e4,Rhubarb and Ginger Crème Brûlées,3.0,Elderflower and Granola Cheesecakes,Safe
6,4,Baker_361,s6e4,Almond Crème Brûlées,1.0,Berry Cheesecake Tower,At risk
6,4,Baker_362,s6e4,Coconut Crème Brûlées,7.0,Chocolate Bar Cheesecakes,Safe
6,4,Baker_363,s6e4,Blackberry Crème Brûlées,9.0,Tower of Fruits Cheesecakes,At risk
6,4,Baker_364,s6e4,Marula Fruit and Coffee Liqueur Crème Brûlées,2.0,"Lime, Coconut and Hazelnut Cheesecakes",Safe
6,4,Baker_365,s6e4,Pontefract Crème Brûlées,6.0,"Cassata, Whisky and Orange & Apple Pie Cheesecakes",Eliminated
6,5,Baker_366,s6e5,Naked Blueberry and Caraway Crunch Cake,1.0,Chocolate and Strawberry Lime Ice Cream Roll,Star Baker
6,5,Baker_367,s6e5,Honey and Flowers Cake,5.0,Dessert Island,Safe
6,5,Baker_368,s6e5,Honey and Grapefruit Polenta Cake,7.0,Passion Fruit and Pineapple Ice Cream Roll,Safe
6,5,Baker_369,s6e5,"Pistachio, Apple and Cardamom Madeleine Cake",3.0,Chocolate and Pear Bûche,At risk
6,5,Baker_370,s6e5,Carrot & Pecan Cake,2.0,Dessert Island Getaway,Did well
6,5,Baker_371,s6e5,Sugar Free Carrot Cake,4.0,Raspberry & Coconut Ice Cream Roll,Safe
6,5,Baker_372,s6e5,Pineapple Upside Down Cake,8.0,"Buko Pandan, Mango and Passion Fruit Ice Cream Roll",Safe
6,5,Baker_373,s6e5,Chocolate and Hazelnut Sugar-Free Cake,6.0,"Chocolate, Peanut Butter and Grape Jam Roll",Eliminated
6,6,Baker_374,s6e6,"Bay Leaf, Rong Tea and Pear Tart",4.0,Bengali Korma and Clementine with Cod Vol-au-vents,At risk
6,6,Baker_375,s6e6,Pear and Raspberry Frangipane Tart,3.0,Vol-au-vents Terre et Mer,Safe
6,6,Baker_376,s6e6,Spiced Pear Frangipane Tart,7.0,Fennel and Rosemary Pulled Pork and Chicken and Coriander Vol-au-vents,Safe
6,6,Baker_377,s6e6,Apricot and Rosemary Frangipane Tart,2.0,Asparagus and Parma Ham and Praline and Chocolate Vol-au-vents,Did well
6,6,Baker_378,s6e6,Christmas Frangipane Tart,5.0,Savoury and Sweet Bouchées,Safe
6,6,Baker_379,s6e6,Piña Colada Frangipane Tart,1.0,His 'n' Hers Vol-au-vents,Star Baker
6,6,Baker_380,s6e6,Plum Frangipane Tart,6.0,Smoked Salmon En Croûte and Vermouth Chicken à la King Vol-au-vents,Eliminated
6,7,Baker_381,s6e7,Aromatic Raised Game Pie,1.0,Mango and Raspberry Charlotte Russe,Did well
6,7,Baker_382,s6e7,Roadkill Pie,5.0,Victoria's Crown Charlotte Russe,Did well
6,7,Baker_383,s6e7,Middle Eastern Game Pie,3.0,"Spiced Blackberry, Raspberry and Cardamom Charlotte Russe",Star Baker
6,7,Baker_384,s6e7,Game Pie with Shallot and Apple Chutney,4.0,"Raspberry, Pomegranate and Champagne Charlotte Russe",Safe
6,7,Baker_385,s6e7,Not a Boaring Pie,2.0,Charlotte Rose,At risk
6,7,Baker_386,s6e7,Raised Venison and Pigeon Pie,6.0,Strawberry Charlotte Russe,Eliminated
6,8,Baker_387,s6e8,Rose Pistachio and Mocha Hazelnut Horns,1.0,Bubble Gum and Peppermint Cream Religieuse à l'ancienne,Star Baker
6,8,Baker_388,s6e8,Mont Blanc & Black Forest Gâteau Horns,2.0,Nun with Hidden Passions,Safe
6,8,Baker_389,s6e8,Lime & Mascarpone and Malt Cream Horns,4.0,Passionfruit & Mango and Pistachio & Raspberry Religieuse à l'ancienne,Did well
6,8,Baker_390,s6e8,Peach & Lemon Thyme and Smoked Almond & Butterscotch Cream Horns,3.0,Lime & Basil and Coconut & White Chocolate Religieuse à l'ancienne,At risk
6,8,Baker_391,s6e8,Café Tipple & Banana Crunch-away Horns,5.0,Religieuse à l'ancienne,Eliminated
6,9,Baker_392,s6e9,Peanut Salted Caramel and Chocolate Tart,4.0,Peacock in Nan's Door,Star Baker
6,9,Baker_393,s6e9,Chocolate and Bay Tart,3.0,Chocolate Well,At risk
6,9,Baker_394,s6e9,Chocolate New York Pie,2.0,Chocolate Bell Tower,Did well
6,9,Baker_395,s6e9,Passion Fruit and Chocolate Tart,1.0,Cocoa Carousel,Eliminated
6,10,Baker_396,s6e10,Cardamom and Almond Buns & Nutmeg and Sour Cherry Fingers,1.0,My Big Fat British Wedding Cake,Winner
6,10,Baker_397,s6e10,Elderflower and Lemon & Spiced Buns,2.0,Colossal Curvy Carrot Cake,Runner-up
6,10,Baker_398,s6e10,Cinnamon and Apple & Toffee and Marmalade Iced Buns,3.0,Sticky Toffee Pudding Cake,Runner-up
7,1,Baker_399,s7e1,Raspberry and Rhubarb Drizzle Custard Bundt Cake,5.0,"Mirror Mirror On The Wall, Who Is The Shiniest Cake Of Them All?",At risk
7,1,Baker_400,s7e1,Lemon and Rosemary Drizzle Cake,12.0,Ultimate Indulgence' Mirror Glaze Cake,Safe
7,1,Baker_401,s7e1,Lemon and Poppy Seed Drizzle Cake,7.0,Chocolate Orange Mirror Cake,Star Baker
7,1,Baker_402,s7e1,Citrus and Spice Drizzle Cake,1.0,"Raspberry, Sloe and White Chocolate Mirror Glaze Cake",Did well
7,1,Baker_403,s7e1,"Pistachio, Cardamom and Lemon Drizzle Cake",6.0,White Chocolate Mirror Glaze with Salted Praline Buttercream,Did well
7,1,Baker_404,s7e1,G&T Drizzle Cake,2.0,Black Forest Broken Mirror,Safe
7,1,Baker_405,s7e1,Ginger Spice Yuzu Drizzle Cake,8.0,Colombian Mocha Mirror Glaze Cake,Safe
7,1,Baker_406,s7e1,Mum's Orange and Lemon Drizzle,10.0,Chocolate Sponge with Four Fruit Frosting,At risk
7,1,Baker_407,s7e1,Berry Best Apple and Bramble Drizzle Cake,4.0,One Swallow Does Not Make A Summer Cake,Safe
7,1,Baker_408,s7e1,"Lime, Ginger and Honey Drizzle Cake",3.0,Matcha Tea Chocolate Mirror Glaze,Safe
7,1,Baker_409,s7e1,Orange Liqueur and Lemonade Drizzle Cake,9.0,White Chocolate Trifle Mirror Glaze Cake,Safe
7,1,Baker_410,s7e1,St. Clements Orange and Lemon Drizzle Cake,11.0,Strawberry Surprise Mirror Cake,Eliminated
7,2,Baker_411,s7e2,"Salted Caramel, Chocolate Iced Shiny Hearts",8.0,Gingerbread Pub with Sticky Ginger Carpet,Star Baker
7,2,Baker_412,s7e2,Beehive Biscuits,4.0,Punting in Cambridge,Did well
7,2,Baker_413,s7e2,Flower Pot Iced Biscuits,2.0,Hastings Old Town Fishing Net Shops and Boat,Safe
7,2,Baker_414,s7e2,Wheelie Hot Iced Biscuits,11.0,Stained Glass Window Gingerbread Church,Safe
7,2,Baker_415,s7e2,Bouquet Biscuits,3.0,"New York, New York",Safe
7,2,Baker_416,s7e2,Chai Frappelatteccino Biscuits,7.0,Tom and Pod's Near Death Experience,Safe
7,2,Baker_417,s7e2,Union Jack Bunting Biscuits,6.0,Gingerbread Christmas Fairground,Safe
7,2,Baker_418,s7e2,Sunday Treat Iced Ice Cream Cone Biscuits,5.0,From Holland to New York via Yorkshire,At risk
7,2,Baker_419,s7e2,A Biscuit for the Broads,1.0,I Promise I Will Do My Best,Safe
7,2,Baker_420,s7e2,"Malt, Chocolate and Orange Iced ""Beer"" Biscuits",9.0,Trip to See Santa in Lapland,Safe
7,2,Baker_421,s7e2,Baa Bara Brith Biscuits,10.0,Gingerbread Wedding,Eliminated
7,3,Baker_422,s7e3,"Chocolate, Salted Caramel & Pecan Brittle Brioche Loaf",3.0,Italian Light and Dark Rye Twist,At risk
7,3,Baker_423,s7e3,Chocolate Barmbrack Bread,2.0,Braided Harvest Bread Basket,Did well
7,3,Baker_424,s7e3,Chocolate and Cranberry Couronne,9.0,Chorizo and Chilli Flower with Parmesan and Pesto Centre,Safe
7,3,Baker_425,s7e3,"Chocolate, Orange and Cinnamon Bread",5.0,Bedouin Escape Tear and Share Bread,Safe
7,3,Baker_426,s7e3,"Chocolate, Tahini and Almond Babka",6.0,Braided Bread Heart,Safe
7,3,Baker_427,s7e3,Chocolate Orange and Chilli Swirl Bread,4.0,Jörmungandr and Mjölnir,Star Baker
7,3,Baker_428,s7e3,"Chocolate, Cardamom and Hazelnut Loaf",10.0,Three Tier Diwali Bread Centrepiece,Safe
7,3,Baker_429,s7e3,Double Chocolate Cinnamon Twist Loaf,1.0,And They All Went Into The Ark To Get Out Of The Rain,At risk
7,3,Baker_430,s7e3,Cobbled Loaf,8.0,The Corn Maiden,Did well
7,3,Baker_431,s7e3,Chocolate and Chilli Swirl Plait,7.0,Cypriot Dove and Olive Branch Plaited Loaf with Houmous,Eliminated
7,4,Baker_432,s7e4,Yorkshire Wellingtons,2.0,Two-Way Peanut Butter Churros,Safe
7,4,Baker_433,s7e4,Yorkshire 'Tapas' Puddings,4.0,Churros Window Box,Did well
7,4,Baker_434,s7e4,Meat and Two Veg Yorkshires,3.0,Pistachio and White Chocolate Churros,Safe
7,4,Baker_435,s7e4,Perfect Sunday Roast Accompaniment,8.0,Lemon and Anise Churros,Safe
7,4,Baker_436,s7e4,"Red Onion Chutney, Brie and Bacon Yorkshire Puddings",1.0,Tropical Churros,Star Baker
7,4,Baker_437,s7e4,West Yorkshire Fusion Puddings,5.0,Fennel Churros Snake In The Grass,At risk
7,4,Baker_438,s7e4,Thai Tofu Panang Yorkshires,9.0,Three Dip Matcha Pistachio Churros,At risk
7,4,Baker_439,s7e4,Mum's Chilli Yorkshire Puddings,6.0,Orange Chocolate Churros,Safe
7,4,Baker_440,s7e4,Christmas Dinner Compromise,7.0,Hot Cross Bunny Churros,Eliminated
7,5,Baker_441,s7e5,"Danish Pastry Croque Monsieur Kites and Cinnamon Apple, Vanilla Crème Rose Danish",2.0,"Sausage, Black Pudding and Apple Rounds and Banoffee Whiskey Cups",Star Baker
7,5,Baker_442,s7e5,Mum and Dad's Breakfast Pastries,6.0,Spicy Chorizo Squash Parcels and Baklava Bites,Safe
7,5,Baker_443,s7e5,"Orange Pain au Raisins, Raspberry, Chocolate and Almond Danish",1.0,"Roquefort, Fig and Walnut Parcels and Cherry and Chocolate Cones",Did well
7,5,Baker_444,s7e5,"Rhubarb, Mango and Ginger Plait, and Pineapple and Coconut Pinwheels",3.0,"Parma Ham, Asparagus and Cheese Filo Cigars and Coffee Cream Filo Cups",Safe
7,5,Baker_445,s7e5,Good Morning America' Swirls and Peanut Butter and Banana Pinwheels,5.0,Plantain and Spinach Samosas and Chai Pear Cups,Safe
7,5,Baker_446,s7e5,Mega Breakfast Bonanzas; Granola Spirals and Wheat Foldovers,4.0,Yin and Yang Amuse-bouche,At risk
7,5,Baker_447,s7e5,"Cinnamon Swirls and Pecan, Walnut and Maple Plaits",8.0,Chinese Style Prawn Filo Tartlets and Spiced White Chocolate and Hazelnut Samosas,Safe
7,5,Baker_448,s7e5,"Pecan and Maple Syrup Pinwheels and Apple, Sultana and Cinnamon Swirls",7.0,"Caramelised Red Onion, Goats Cheese Tartlets and Mincemeat and Apple Spiced Parcels",Eliminated
7,6,Baker_449,s7e6,"Lime, Coconut and Lemongrass Sugar Meringue Pie",5.0,Four Seasons Cake,Did well
7,6,Baker_450,s7e6,Tangy Lime and Ginger Meringue Pie,6.0,Spring Elderflower Trio,At risk
7,6,Baker_451,s7e6,Lime and Coconut Meringue Pie,4.0,Three Tier Orange Cake with a Floral Chocolate Collar,Safe
7,6,Baker_452,s7e6,"Grapefruit, Orange and Mint Meringue Pie",7.0,Three Tiered Ombré Floral Cake,Did well
7,6,Baker_453,s7e6,Grapefruit and Ginger Meringue Pie,2.0,Floral Tea Cake,Safe
7,6,Baker_454,s7e6,Blood Orange Halloween Pumpkin Pie,1.0,Floral Tea Cake,Star Baker
7,6,Baker_455,s7e6,Mandarin Margarita Meringue Pie,3.0,Blossom Cake,Eliminated
7,7,Baker_456,s7e7,Crowd Pleaser Roulade,2.0,Blackberry and Raspberry Bubbles and After Dinner Mousse,Safe
7,7,Baker_457,s7e7,Tropical Holiday Roulade,1.0,Childhood Ice Cream Mousse Cakes,Star Baker
7,7,Baker_458,s7e7,Chocolate and Hazelnut Roulade,4.0,"Chocolate, Coffee, and Vanilla Joconde Cakes and Blackcurrant and Vanilla Ombré Mousses",Safe
7,7,Baker_459,s7e7,Summer Picnic Roulade,6.0,"Lemon, Raspberry and Passionfruit and Chocolate and Mint Mini Mousse Cakes",At risk
7,7,Baker_460,s7e7,Piña Colada Roulade,3.0,Apple Crumble Mousse Cake and Chocolate Coffee Mousse Cake,Did well
7,7,Baker_461,s7e7,Millionaire's Roulade,5.0,Hipster Picnic,Eliminated
7,8,Baker_462,s7e8,Cheesy Cheeky Fish Pies,1.0,Peacock,Star Baker
7,8,Baker_463,s7e8,Da Vinci Inspired Geared Pies,2.0,Jousting Knights Marchpane,Safe
7,8,Baker_464,s7e8,Tudor Rose Pies,5.0,Swans,Did well
7,8,Baker_465,s7e8,Bouquet of Flowers,3.0,Fruity Tudor Marchpane,At risk
7,8,Baker_466,s7e8,Mexican Adventure,4.0,Tudor Garden,Eliminated
7,9,Baker_467,s7e9,"Red Onion, Cambozola and Walnut Palmiers and Mushroom, Streaky Bacon, and Parmesan Palmiers",3.0,Chocolate Praline Fondant Fancies and Cherry Bakewell Fondant Fancies,Did well
7,9,Baker_468,s7e9,Cheesy Elephant Ears and Herby Treble Clefs,2.0,Philharmonic Fondants,Star Baker
7,9,Baker_469,s7e9,"Pesto and Sundried Tomato Palmiers and Goats Cheese, Olive and Parma Ham Palmiers",1.0,Pistachio and Raspberry Fondant Fancies and Lemon Curd Surprise Fondant Fancies,At risk
7,9,Baker_470,s7e9,"Sundried Tomato, Onion, Peppers and Parmesan Palmiers and Salmon, Spinach and Mushroom Palmiers",4.0,Lime and Ginger Fondant Fancies and Pink Velvet and Raspberry Prosecco Fondant Fancies,Eliminated
7,10,Baker_471,s7e10,Queen Victoria's Mango and Strawberry Crown,2.0,Picnic for Pearly Kings and Queens,Winner
7,10,Baker_472,s7e10,Crunchy Caramel Cassis Crown,1.0,Family and Friends' Favourites Picnic,Runner-up
7,10,Baker_473,s7e10,"Red, White and Blue Meringue Crown",3.0,Family Favourites Feast,Runner-up
8,1,Baker_474,s8e1,Pineapple and Coconut Sandwich Cake,5.0,Champagne Bottle and Bucket' Cake,Did well
8,1,Baker_475,s8e1,Moroccan Strawberry and Rose Cake,1.0,Chocolate Terrarium' Cake,Safe
8,1,Baker_476,s8e1,Bonfire Night Cake,6.0,A Baker's Lunch' Cake,Star Baker
8,1,Baker_477,s8e1,Granny Smith Apple and Walnut Cake,11.0,Black Evening Clutch Bag' Cake,At risk
8,1,Baker_478,s8e1,Apple and Almond Crumble Maple Loaf,8.0,Stackin' Sunday' Cake,Safe
8,1,Baker_479,s8e1,Windfall Apple Crumble Cake,4.0,Banana-ramen' Cake,Safe
8,1,Baker_480,s8e1,Courgette and Lemon Cake,3.0,Russian Doll' Cake,Safe
8,1,Baker_481,s8e1,"Orange, Rhubarb & Ginger Crumble Cake",2.0,Mock-accino and Croissant' Cake,Safe
8,1,Baker_482,s8e1,Gilded Pear and Cardamom Cake,7.0,Stack of Books' Cake,Safe
8,1,Baker_483,s8e1,Citrus Layer Cake,9.0,One in a Melon' Cake,Did well
8,1,Baker_484,s8e1,Tropical Fresh Fruit Cake,12.0,Raised Pork Pie and Egg Surprise' Cake,At risk
8,1,Baker_485,s8e1,Coconut Cake,10.0,Bread on a Breadboard' Cake,Eliminated
8,2,Baker_486,s8e2,Lemon Limoncino Sandwich Biscuits,2.0,Snakes and Ladders' Game,Did well
8,2,Baker_487,s8e2,Coconut Seashells for a Titanic Afternoon Tea,8.0,Jungle' Game,At risk
8,2,Baker_488,s8e2,Amarpressi Biscuits,6.0,Check Bake' Game,Star Baker
8,2,Baker_489,s8e2,Sparkly Chocolate and Marshmallow Fluff Cookies,9.0,Get to School' Game,At risk
8,2,Baker_490,s8e2,Coffee Malted Pecan Shorties,7.0,Classroom Classics' Game,Safe
8,2,Baker_491,s8e2,Mrs. Marian's PB 'n' B' Biscuits,1.0,Adventures in Bakeland' Game,Safe
8,2,Baker_492,s8e2,Middle Eastern Delight Sandwich Biscuits,4.0,A British Baking' Game,Safe
8,2,Baker_493,s8e2,Rhubarb and Custard Whirls,3.0,Coppit' Game,Safe
8,2,Baker_494,s8e2,Coffee and Amaretto Kisses,5.0,Drain Pipes and Ladders' Game,Did well
8,2,Baker_495,s8e2,Gin Jam Butties,10.0,Pick My Bones' Game,At risk
8,2,Baker_496,s8e2,Chocolate Chia Seed Biscuits with Whisky Caramel Filling,11.0,The Great British Sail Off' Game,Eliminated
8,3,Baker_497,s8e3,Tagine Teacakes,6.0,Picnic Basket' Bread Sculpture,Safe
8,3,Baker_498,s8e3,Blueberry Buns,10.0,Kraken' Bread Sculpture,Safe
8,3,Baker_499,s8e3,Madras Cocktail Teacakes,3.0,The Bag I Knead' Bread Sculpture,Did well
8,3,Baker_500,s8e3,Cranberry and Cinnamon Teacakes,1.0,Ascot Hat' Bread Sculpture,Safe
8,3,Baker_501,s8e3,Jamaican Spiced Teacakes,5.0,Kneadapolitan' Bread Sculpture,At risk
8,3,Baker_502,s8e3,Mrs P's' Masala Chai Spiced Teacakes,8.0,Basil the Vegetarian Dragon with his Pumpkin Hoard' Bread Sculpture,Safe
8,3,Baker_503,s8e3,Earl Grey Dried Fruit Teacakes,2.0,The Snail Under a Mushroom' Bread Sculpture,Star Baker
8,3,Baker_504,s8e3,Nordic Teacakes,9.0,Owl in the Woods' Bread Sculpture,Safe
8,3,Baker_505,s8e3,Orange and Cranberry Teacakes,4.0,Pink & Yellow Rose Centrepiece' Bread Sculpture,Safe
8,3,Baker_506,s8e3,Cinnamon and Orange Teacakes,7.0,Davy Jones' Locker' Bread Sculpture,Eliminated
8,4,Baker_507,s8e4,Jaffa Millionaire Shortbreads,4.0,Bird's Nest Caramel Cake,Safe
8,4,Baker_508,s8e4,Salted Bay Caramel Millionaire Shortbreads,6.0,Sticky Toffee Apple Caramel Cake,Star Baker
8,4,Baker_509,s8e4,Orange Macadamia Nut Millionaire Shortbreads,7.0,Caramel Crown Cake,Safe
8,4,Baker_510,s8e4,Rum Salted Caramel Millionaire Shortbreads,1.0,Chocolate and Coffee Caramel Cake,Safe
8,4,Baker_511,s8e4,Salted Peanut Butter Millionaire Shortbreads,3.0,White Layered Ginger Caramel Cake,Did well
8,4,Baker_512,s8e4,Lil' Red's Ginger and Nuts' Millionaire Shortbreads,8.0,Animals of the Rainforest Caramel Cake,Safe
8,4,Baker_513,s8e4,Pecan Salted Caramel Millionaire Shortbreads,9.0,Poppy Seed Caramel Cake,Safe
8,4,Baker_514,s8e4,Windy City' Millionaire Shortbreads,2.0,Nutty Caramel Cake,At risk
8,4,Baker_515,s8e4,Stem Ginger Caramel Shortbreads,5.0,Hummingbird cake,Eliminated
8,5,Baker_516,s8e5,"Ginger, Fig and Honey Steamed School Pudding",1.0,"Raspberry, Yuzu & White Chocolate Bûche Trifle Terrine",Star Baker
8,5,Baker_517,s8e5,Mr Darcy's Steamy Lake Scene' Steamed School Pudding,8.0,My Great Great Nan's' Raspberry Trifle Terrine,Safe
8,5,Baker_518,s8e5,Lemon & Blackcurrant Drizzle Steamed School Pudding,5.0,From Across the Jelly Pond' Trifle Terrine,Safe
8,5,Baker_519,s8e5,Bakewell Tart Steamed School Pudding,4.0,Tropical Trifle Terrine,Did well
8,5,Baker_520,s8e5,Cherries & Lemons that are 'Baked Well',2.0,Cheers Lads' Trifle Terrine,At risk
8,5,Baker_521,s8e5,Mango Fruit Hat Steamed School Pudding,6.0,Heart of a Hero' Trifle Terrine,Safe
8,5,Baker_522,s8e5,Orange & Treacle Steamed School Pudding,3.0,Opulent Ornament' Trifle Terrine,At risk
8,5,Baker_523,s8e5,Orange and Ginger Steamed School Pudding,7.0,The Missed Silver Jubilee' Trifle Terrine,Eliminated
8,6,Baker_524,s8e6,The Four Seasons' Decorative Pies,2.0,Game Pie with Glazed Forest Fruits,Did well
8,6,Baker_525,s8e6,Vegetarian Pie Faces' Decorative Pies,5.0,Potato Curry Pie with Mango & Chilli Glaze,Safe
8,6,Baker_526,s8e6,Fleetwood Mac' Decorative Pies,3.0,Christmas Pie,Safe
8,6,Baker_527,s8e6,Love Theme' Decorative Pies,6.0,Indian Hand Raised Pie with Mango,At risk
8,6,Baker_528,s8e6,Standard FC' Decorative Pies,4.0,Nan's Sunday Dinner' Pie,Star Baker
8,6,Baker_529,s8e6,πr2' Decorative Pies,1.0,Chequerboard Pie,Did well
8,6,Baker_530,s8e6,Pies from the Tree' Decorative Pies,7.0,Special Occasion' Pie,Eliminated
8,7,Baker_531,s8e7,Classics with a Twist' Cannoli,3.0,Classics' Sfogliatelle,Did well
8,7,Baker_532,s8e7,Happy Hour' Cocktail Cannoli,6.0,Flavour Fusion' Sfogliatelle,At risk
8,7,Baker_533,s8e7,Italian Style Cannoli,1.0,Sicilian-style' Sfogliatelle,Star Baker
8,7,Baker_534,s8e7,My All Time Favourite Desserts,4.0,Pastry Surprise,At risk
8,7,Baker_535,s8e7,Just Doing Me' Cannoli,2.0,Morning Delivery' Sfogliatelle,Did well
8,7,Baker_536,s8e7,Cannoli Cocktails,5.0,Canadian-Style Sfogliatelle,Eliminated
8,8,Baker_537,s8e8,Char Siu & Banana Praline Bedfordshire Clangers,4.0,Citrus with Green Apple Croquembouche Savoy Cake,Safe
8,8,Baker_538,s8e8,Burrito Bedfordshire Clangers,2.0,Liver Building Turret' Savoy Cake,At risk
8,8,Baker_539,s8e8,Mediterranean Medley' Bedfordshire Clangers,1.0,Chestnut Rum Savoy Cake,Did well
8,8,Baker_540,s8e8,Camembert & Onion and Apple & Blueberry Bedfordshire Clangers,3.0,Bright' Lemon & Orange Savoy Cake,Star Baker
8,8,Baker_541,s8e8,Take Out' Bedfordshire Clangers,5.0,Fort Wizardore' Savoy Cake,Eliminated
8,9,Baker_542,s8e9,Strawberry & Rhubarb and Chestnut & Vanilla Choux Buns,1.0,Tutu with Opera Filling' Meringue Centrepiece,Star Baker
8,9,Baker_543,s8e9,Bellini and Valencian Orange Choux Buns,4.0,Rainbow' Meringue Centrepiece,Did well
8,9,Baker_544,s8e9,Key Lime Cheesecake and Bakewell Tart Choux Buns,3.0,Some Air Over the Rainbow' Meringue Centrepiece,At risk
8,9,Baker_545,s8e9,Choux-nicorn and Choux-moji' Choux Buns,2.0,Flamingos in Love' Meringue Centrepiece,Eliminated
8,10,Baker_546,s8e10,"Spelt Boules, Mushroom Ciabatta & Orange Plaited Brioche",2.0,Ode to the Honey Bee' Entremet,Winner
8,10,Baker_547,s8e10,"Roman Spelt, Coconut Kala Chana and Flower Breads",3.0,"White Chocolate, Yuzu and Lychee Entremet",Runner-up
8,10,Baker_548,s8e10,"Spelt & Rye, Toasted Garlic & Fontina and Sweet Chocolate Breads",1.0,Yin Yang' Entremet,Runner-up
9,1,Baker_549,s9e1,Fennel and Coconut Pitcaithly Bannock,7.0,First Spring in the UK,Safe
9,1,Baker_550,s9e1,Orange Blossom York Biscuits,10.0,Me at Miyajima Shrine,Safe
9,1,Baker_551,s9e1,Masala Chai Devon Flats,1.0,Gingerbread Marathon Selfie,At risk
9,1,Baker_552,s9e1,Apple Cider Empire Biscuits,2.0,Bristol Biscuit Selfie,Did well
9,1,Baker_553,s9e1,Hazelnut Cornish Shortbread,3.0,Matcha and White Chocolate Ganache Japanese Selfie,Star Baker
9,1,Baker_554,s9e1,Aberffraw 'Creams',5.0,A Sailing Selfie by the Sea,Safe
9,1,Baker_555,s9e1,Lemon and Strawberry Shrewsburys,4.0,New Dad in Palm Springs,Safe
9,1,Baker_556,s9e1,Yorkshire Perkins,6.0,"Rosewater and Cardamom ""Holiday Selfie""",Safe
9,1,Baker_557,s9e1,Lake District Ginger Shortbread,9.0,Brandy Snap Selfie,At risk
9,1,Baker_558,s9e1,Turmeric and Caraway Goosnargh Cakes,12.0,Kilimanjaro Selfie,Safe
9,1,Baker_559,s9e1,Yorkshire Gingernuts,8.0,What Happens In Vegas...!,Safe
9,1,Baker_560,s9e1,Cherry and White Chocolate Oatmeal Biscuits,11.0,Seaside Selfie,Eliminated
9,2,Baker_561,s9e2,Lemon and Cardamom Traybake,2.0,Chocolate Orange Layer Cake,Star Baker
9,2,Baker_562,s9e2,Pandan Chiffon Cake with Palm Sugar Cream,4.0,Yuzu and Raspberry Genoise Cat Cake,Safe
9,2,Baker_563,s9e2,Boozy Black Forest Traybake,10.0,"Chocolate Orange ""Jackson Pollock"" Collar Cake",Safe
9,2,Baker_564,s9e2,Turron and Orange Traybake,5.0,Chocolate Fudge and Salted Caramel Creation,At risk
9,2,Baker_565,s9e2,Rosemary and Honey Traybake,6.0,Almond Princess Cake,Safe
9,2,Baker_566,s9e2,Lemon Meringue Traybake,1.0,Hawaiian Shirt Pina Colada Cake,Did well
9,2,Baker_567,s9e2,Black Forest Slice,3.0,Dark Chocolate and Raspberry Birthday Cake,Did well
9,2,Baker_568,s9e2,Almond and Marzipan Traybake with Rhubarb Jam,11.0,Strawberry Fayre Chocolate Cake,Safe
9,2,Baker_569,s9e2,Rum and Raisin Traybake,8.0,Champagne and Strawberries Eiffel Tower Collar Cake,At risk
9,2,Baker_570,s9e2,Cardamom and Coconut Burfi Traybake,9.0,"Pistachio, Saffron and Rose Cake",Safe
9,2,Baker_571,s9e2,Lemon and Poppy Seed Traybake,7.0,Raspberry and White Chocolate Collar Cake,Eliminated
9,3,Baker_572,s9e3,Mango and Cranberry Chelsea Buns,4.0,Garden Wedding Korovai,Star Baker
9,3,Baker_573,s9e3,Pistachio and Cardamom Tangzhong Chelsea Buns,10.0,"Orange, Cinnamon and Cranberry 'Kit-ovai'",Safe
9,3,Baker_574,s9e3,"Gujarela Chelsea Buns with Dates, Almonds and Raisins",7.0,Mama and Papa's Belated Wedding Korovai,Safe
9,3,Baker_575,s9e3,Balsamic Strawberry Chelsea Buns,9.0,Happily Ever After Korovai,At risk
9,3,Baker_576,s9e3,"Apricot, Cranberry and Marzipan Chai Chelsea Buns",3.0,Fabergé Inspired Traditional Korovai,Safe
9,3,Baker_577,s9e3,Cardiff City vs Chelsea Buns,2.0,Korovai Dydd Dewi Sant,Safe
9,3,Baker_578,s9e3,Sticky Spiced Orange Chelsea Buns,6.0,Wedding Korovai,Did well
9,3,Baker_579,s9e3,Peak District Christmas Chelsea Buns,5.0,French Breakfast Wedding Korovai,Safe
9,3,Baker_580,s9e3,Tangy Citrus Sticky Chelsea Buns,1.0,Garden Korovai,Safe
9,3,Baker_581,s9e3,Decadent Breakfast Chelsea Buns,8.0,Chocolate and Orange Adventure Korovai,Eliminated
9,4,Baker_582,s9e4,Rhubarb and Custard Roulade,4.0,Opera Cake with Kalash Inspired Dome,Did well
9,4,Baker_583,s9e4,Sweet Dreams' Roulade,6.0,Melting Chocolate Galaxy,Safe
9,4,Baker_584,s9e4,Pina Colada Roulade,2.0,Chocolate Egg,Safe
9,4,Baker_585,s9e4,Treacle Tart Roulade,5.0,Blood Orange & Amaretto Sticky Toffee Sphere,At risk
9,4,Baker_586,s9e4,Amarene and Kirsch Cherry Roulade,8.0,White Chocolate Renaissance Surprise,Safe
9,4,Baker_587,s9e4,Mango and Passion Fruit Roulade,3.0,Lucy and Hannah's Ballet Cake,Did well
9,4,Baker_588,s9e4,Florida Roulade,1.0,Dan and the Giant Peach,Star Baker
9,4,Baker_589,s9e4,Coffee Cream and Praline Roulade,7.0,Chateau Du Chambord Framboise,At risk
9,5,Baker_590,s9e5,Bonfire Night Caramel Ginger Cake,3.0,Durga Puja Cardamom Chandelier,Did well
9,5,Baker_591,s9e5,Stem Ginger Cake with Poached Pears,4.0,Christmas Spiced Ice Chandelier,Star Baker
9,5,Baker_592,s9e5,Jamaican Me Crazy Ginger Cake,1.0,Peacock Chandelier,Safe
9,5,Baker_593,s9e5,Honey and Apricot Ginger Cake,6.0,Turmeric Latte Chandelier,At risk
9,5,Baker_594,s9e5,Italian Meringue Ginger Cake,5.0,Art Deco Spiced Biscuit Chandelier,Safe
9,5,Baker_595,s9e5,Family Christmas Ginger Cake,7.0,Birthday Chandelier for Emily's 21st,At risk
9,5,Baker_596,s9e5,Ginger and Lemon Drip Cake,2.0,Birthday Kaleidoscope for Constance,Safe
9,5,Baker_597,s9e5,Bonfire Night Ginger Cake,9.0,Pontefract Girls' School Reunion,Eliminated
9,5,Baker_598,s9e5,Caramelised Pear and Stem Ginger Cake,8.0,12 Days of Christmas Chandelier,Eliminated
9,6,Baker_599,s9e6,Paneer Singara and Misti Singara,3.0,Butterfly Pie,Did well
9,6,Baker_600,s9e6,Flavours of India,5.0,Silke the Vegetarian Mermaid,Safe
9,6,Baker_601,s9e6,Traditional Samosas,7.0,Kohinoor Crown,Did well
9,6,Baker_602,s9e6,Home Comforts,1.0,Down the Rabbit Hole Banquet Pie,Star Baker
9,6,Baker_603,s9e6,Samosas for Mum,4.0,What Has Poppy Eaten?,At risk
9,6,Baker_604,s9e6,"A Romantic Dinner For Two, Samosa Style",2.0,Welsh Dragon Pie,Safe
9,6,Baker_605,s9e6,Festive Samosas,6.0,Salmon Coulibiac,Eliminated
9,7,Baker_606,s9e7,Coriander Posto & Veg Tartlets and Ghugni Chaat Tartlets,1.0,Chocolate & Coconut Layer Cake with Raspberry Jam,Did well
9,7,Baker_607,s9e7,Broccoli & Tomato Quiches and Mascarpone Squirrel Tartlets,6.0,Lavender & Lemon Fox Cake,Star Baker
9,7,Baker_608,s9e7,Sage & Butternut Tartlets and 'Cheesy Greens' Tartlets,3.0,"Chocolate, Lemon & Coconut Cake",At risk
9,7,Baker_609,s9e7,French Onion Tartlets and Celeriac & Apple Tartlets,5.0,Hazelnut Mocha Cake,Safe
9,7,Baker_610,s9e7,Summer & Winter Tartlets,2.0,Spiced Apple Cake,Safe
9,7,Baker_611,s9e7,Garlic Mushroom Tartlets and Falafel & Hummus Tartlets,4.0,Only Fools Eat Horses Cake,Eliminated
9,8,Baker_612,s9e8,Smoked Salmon & Roasted Vegetable Smørrebrød,5.0,Indian King Kagemand,At risk
9,8,Baker_613,s9e8,Bumblebee Eggs & Fish Smørrebrød,2.0,Off to the Opera Kagekone,At risk
9,8,Baker_614,s9e8,Post-Gym Smørrebrød,3.0,Sister Kagekone,Star Baker
9,8,Baker_615,s9e8,Spanish & West Country Smørrebrød,1.0,Nana Pat Kagekone,Did well
9,8,Baker_616,s9e8,Cheese and Fruit Smørrebrød,4.0,Birthday Girl Kagekone,Eliminated
9,9,Baker_617,s9e9,Lemon and Raspberry Madeleines and Orange Curd Madeleines,4.0,Classic Tribute to Pâtisserie Window,At risk
9,9,Baker_618,s9e9,Ginger and Lemon Madeleines and Orange Bunny Madeleines,2.0,Flavourite Flavours Window Display,Did well
9,9,Baker_619,s9e9,Pick your own madeleines,1.0,Parisian Un Bouquet de Fleurs Window Display,Star Baker
9,9,Baker_620,s9e9,Mojito Madeleines and Espresso Martini Madeleines,3.0,British Tea to French Pâtisserie Window,Eliminated
9,10,Baker_621,s9e10,Mango Créme Pâtissière Filled Doughnuts & Spiced Orange Ring Doughnuts,2.0,Edible Rock Garden,Winner
9,10,Baker_622,s9e10,Amaretto Diplomat Filled Doughnuts & Lemon Ring Doughnuts,1.0,Lost City of Atlantis Dessert Landscape,Runner-up
9,10,Baker_623,s9e10,Dulce De Leche Filled Doughnuts & Raspberry and Cardamom Ring Doughnuts,3.0,Magical Edible Landscape,Runner-up
10,1,Baker_624,s10e1,Squishy Squashy Fruit Cake,10.0,Snakey Birthday Cakey,Safe
10,1,Baker_625,s10e1,Gingerbread Fruit Cake Wreath,5.0,Like a Child in a Sweetshop Cake,Safe
10,1,Baker_626,s10e1,Great Grandma's Fruit Cake,3.0,A Sundae on the Beach Cake,Did well
10,1,Baker_627,s10e1,Spicy Chai Loaf,2.0,Magical Jungle Cake,Safe
10,1,Baker_628,s10e1,Wood Street Cake,1.0,Secret Woodland Cake,Safe
10,1,Baker_629,s10e1,Cup of Chai Cake,11.0,Treasure Chest Cake,Safe
10,1,Baker_630,s10e1,Sunshine Fruit Cake,7.0,Once Upon a Time Cake,Safe
10,1,Baker_631,s10e1,Fruit Bat Cake,12.0,Away with the Fairies Cake,Safe
10,1,Baker_632,s10e1,Bara Brith Teulu Ni (Our Family's Bara Brith),6.0,Tŷ Tylwyth Teg (Fairy House Cake),Star Baker
10,1,Baker_633,s10e1,Spiced Fruit Cake with Rum Glaze,8.0,Retro Rocket Cake,Safe
10,1,Baker_634,s10e1,Christmas Cake,4.0,Carousel Birthday Cake,Safe
10,1,Baker_635,s10e1,Easter Simnel Cake,13.0,Salted Caramel Schnauzer Birthday Cake,At risk
10,1,Baker_636,s10e1,Jamaican Rum Cake,9.0,Pirate Island Cake,Eliminated
10,2,Baker_637,s10e2,Coco-nutty Chocolate Bars,2.0,Wedding Spray,Did well
10,2,Baker_638,s10e2,Honeycomb Peanut Mallow Bars,1.0,Chocolate and Coconut New Zealand Lamb,Star Baker
10,2,Baker_639,s10e2,"Chocolate, Caramel Macchiato Biscuit Bars",10.0,Ginger the Cat,Safe
10,2,Baker_640,s10e2,Virgin Mojito Biscuit Bars,5.0,My Favourite Chicken – A Celebration of Legs,Did well
10,2,Baker_641,s10e2,"Coffee, Cardamom & Hazelnut Bars",6.0,Chapel Organ,Safe
10,2,Baker_642,s10e2,Lemon & Rosemary Biscuit Bars,4.0,Hamish the Highland Cow,Safe
10,2,Baker_643,s10e2,Ruby Barfi Biscuit Bars,7.0,The Beast of Rocky Mountain,Safe
10,2,Baker_644,s10e2,Wicked Witch Fingers,12.0,Caught in a Spider's Web,Safe
10,2,Baker_645,s10e2,Bakewell Bars,8.0,Dewi y Ddraig Gymraeg – Dewi the Welsh Dragon,Safe
10,2,Baker_646,s10e2,"Orange, Cranberry & White Chocolate Fudge Bars",3.0,Tina the Tortoise,Safe
10,2,Baker_647,s10e2,"Pistachio, Almond & Raisin Nougat Biscuit Bars",9.0,Swimming with Dolphins,At risk
10,2,Baker_648,s10e2,Cherry Caramel Shortbread Biscuit Bars,11.0,Biscuit Guitar,Eliminated
10,3,Baker_649,s10e3,Cinnamon Swirl Tear & Share,2.0,Trio of African Masks,Safe
10,3,Baker_650,s10e3,Baklava Tear & Share,7.0,Global Bread,At risk
10,3,Baker_651,s10e3,Sun-Dried Tomato and Pesto Star Tear & Share,3.0,Hand-Tied Bouquet of Flowers,Did well
10,3,Baker_652,s10e3,Chilli and Manchego Tear & Share,9.0,Bread Safari,Safe
10,3,Baker_653,s10e3,Chicken and Pesto Tear & Share,1.0,Herb Garden,At risk
10,3,Baker_654,s10e3,Keralan Star Bread Tear & Share,6.0,Mediterranean Camp Fire,Star Baker
10,3,Baker_655,s10e3,Smokey Jalapeño Tear & Share,4.0,Bird Boules,Safe
10,3,Baker_656,s10e3,Frosted Cinnamon and Pecan Tear & Share,8.0,Every Bread is Halloween,Safe
10,3,Baker_657,s10e3,Noson Caws (Cheese Night) Tear & Share,5.0,Gardd Ni (Our Garden),Safe
10,3,Baker_658,s10e3,Pancetta and Cheese Focaccia Tear & Share,10.0,Winner's Wreath,Safe
10,3,Baker_659,s10e3,Chorizo Brunch Tear & Share,11.0,Caterpillar Transformation,Eliminated
10,4,Baker_660,s10e4,A Kick of Limoncello Cake,2.0,Flavours of India Mishti,Did well
10,4,Baker_661,s10e4,Leafy Yoghurt Cake,8.0,Afternoon Tea,Safe
10,4,Baker_662,s10e4,Answer to Everything Cake,1.0,Pink and Pretty Mishti,Star Baker
10,4,Baker_663,s10e4,A Good Dose of Limoncello Cake,4.0,Cocktails & Canapés Mishti,Safe
10,4,Baker_664,s10e4,Ode to a German Breakfast Cake,3.0,Seaside Mishti,Safe
10,4,Baker_665,s10e4,Cheesecake Surprise,7.0,Flag of India Mishti,At risk
10,4,Baker_666,s10e4,Choc-chip Banana Cake,10.0,Flavours of My Childhood Mishti,At risk
10,4,Baker_667,s10e4,Ghost Cake,9.0,Ye Olde English Sweet Shoppe Mishti,Safe
10,4,Baker_668,s10e4,Homely Rhubarb Cake,5.0,Home Comforts Mishti,Safe
10,4,Baker_669,s10e4,Trucking Lovely Rose Cake,6.0,A Corner of My Garden Mishti,Eliminated
10,5,Baker_670,s10e5,Fancy Custards,9.0,Amaretto Sour Cake,Did well
10,5,Baker_671,s10e5,Chocolate & Orange Custard Pies,6.0,Piña Colada Cake,Safe
10,5,Baker_672,s10e5,Zesty Citrus Custard Pies,4.0,Sour Lime Piña Colada Cake,Star Baker
10,5,Baker_673,s10e5,Little Blackberry Pies,5.0,White Russian Cake,At risk
10,5,Baker_674,s10e5,1920s Pies,3.0,White Russian Cake,Did well
10,5,Baker_675,s10e5,"Mango, Lime & Ginger Pies",8.0,Brambling Cake,Safe
10,5,Baker_676,s10e5,Lemon & Raspberry Ripple Pies,2.0,Meena Colada Cake,At risk
10,5,Baker_677,s10e5,Lemon and Lavender Pies,1.0,Vampire's Kiss Raspberry Vodka Cake,Eliminated
10,5,Baker_678,s10e5,Blueberry & White Chocolate Crème Brûlée Pies,7.0,My Little Sister the Dancing Queen's Piña Colada Cake,Eliminated
10,6,Baker_679,s10e6,Spiced Meringue Surprise,2.0,Delightful Bombe,Safe
10,6,Baker_680,s10e6,Black Forest Meringue,1.0,Tiramisu Bombe,Did well
10,6,Baker_681,s10e6,Eton Mess,3.0,Mirror Bombe,Star Baker
10,6,Baker_682,s10e6,Layers of Lime and Raspberry,5.0,Ruby Bombe,At risk
10,6,Baker_683,s10e6,Towering Meringue Cake,4.0,Bonfire Bombe,At risk
10,6,Baker_684,s10e6,Dark Chocolate Meringue Cake,6.0,Black Forest Bombe,At risk
10,6,Baker_685,s10e6,Family Favourite,7.0,Summer Fruit Bombe,Eliminated
10,7,Baker_686,s10e7,Kozunak Plaits,2.0,Sarawak Style Layer Cake Sculpture,Did well
10,7,Baker_687,s10e7,"Lemon, Blueberry & Almond Hot Cross Buns",6.0,"Chocolate, Orange and Salted Caramel Kaleidoscope Sarawak Style Layered Cake",Safe
10,7,Baker_688,s10e7,Zest and Spice Hot Cross Buns,4.0,Orange and Chai Spiced Revitalise Cake,Did well
10,7,Baker_689,s10e7,Mardi Gras Finnish Semlor Peacock Festival Buns,1.0,Rainbow Sarawak Style Layer Cake,At risk
10,7,Baker_690,s10e7,Chocolate Kardemummabullar,3.0,Elegant Present Box,Star Baker
10,7,Baker_691,s10e7,Figgy Pudding Hot Cross Buns,5.0,Jamaican Mule Sarawak Style Layer Cake,Eliminated
10,8,Baker_692,s10e8,Caramelly Carroty Tarte Tatin,1.0,Whitby Fish Pie,Did well
10,8,Baker_693,s10e8,"Leek, Apple & Goat's Cheese Tarte Tatin",3.0,Apple Tree House Pie,Safe
10,8,Baker_694,s10e8,Caramelised Onion & Goat's Cheese Tarte Tatin,4.0,Curried Chickpea & Potato Carousel Pie,Star Baker
10,8,Baker_695,s10e8,"Shallot, Aubergine & Goat's Cheese Spiced Tarte Tatin",2.0,Rapunzel's Tower,At risk
10,8,Baker_696,s10e8,"Crab, Tomato & New Potato Tarte Tatin",5.0,Chandelier Picnic Pie,Eliminated
10,9,Baker_697,s10e9,Aperitif Domed Tarts,2.0,Greenhouse Growing Moss,At risk
10,9,Baker_698,s10e9,"Mocha, Hazelnut & Orange Domed Tarts",4.0,Save Our Oceans,Star Baker
10,9,Baker_699,s10e9,"Raspberry, Lemon & White Chocolate Domed Tarts",3.0,A Night at the Opera,Did well
10,9,Baker_700,s10e9,"Lemon, Raspberry & Mint Domed Tarts",1.0,Time with Family,Eliminated
10,10,Baker_701,s10e10,"Chocolate, Armagnac and Prune Cake",1.0,Peachy Pic-Nik,Winner
10,10,Baker_702,s10e10,"Chocolate, Pear, Ginger and Maple Cake",2.0,End of the School Year Celebration Picnic,Runner-up
10,10,Baker_703,s10e10,Black Forest Chocolate Cake,3.0,Picnic in the Park,Runner-up
11,1,Baker_704,s11e1,Gluten-Free Chocolate & Orange Battenberg Cake,2.0,In honour of Sir Chris,Star Baker
11,1,Baker_705,s11e1,Chocolate Espresso Martini Battenberg Cake,9.0,Three Flavours of Tom DeLonge,Safe
11,1,Baker_706,s11e1,Celebration of Summer' Battenberg Cake,6.0,Lemon & Elderflower Freddie,Safe
11,1,Baker_707,s11e1,Chocolate & Orange Battenberg Cake,5.0,Ode to Lupita,Did well
11,1,Baker_708,s11e1,Bittersweet Battenberg Cake,11.0,Chocolate & Vanilla Ziggy,At risk
11,1,Baker_709,s11e1,Rhubarb and Custard Battenberg Cake,4.0,Coconut & Lime Louis Theroux,Safe
11,1,Baker_710,s11e1,Turkish Bazaar Inspired Battenberg Cake,7.0,Origin-ger of the Species' by Charles Darwin,Safe
11,1,Baker_711,s11e1,Ambulance Battenberg Cake,12.0,Lemon & Orange Bob Marley,At risk
11,1,Baker_712,s11e1,Lemon & Orange Battenberg Cake,1.0,Ode to Attenborough,Did well
11,1,Baker_713,s11e1,The Magic Flute' Battenberg Cake,3.0,Let Them Eat Cake' – A Tribute To Marie Antoinette,Safe
11,1,Baker_714,s11e1,East India Battenberg Cake,8.0,Tribute to Bill Bryson,Safe
11,1,Baker_715,s11e1,Hot Summer's Day Treats' Battenberg Cake,10.0,Flavours of Jamaica' – A Tribute to Miss Lou,Eliminated
11,2,Baker_716,s11e2,Sticky Toffee Florentines,10.0,Biscuit Burns Supper,Safe
11,2,Baker_717,s11e2,Feathered Chocolate Mango Florentines,1.0,Waiting for Tacos',Star Baker
11,2,Baker_718,s11e2,Salted Caramel Florentines,7.0,Celebration Afternoon Tea,Safe
11,2,Baker_719,s11e2,Mango and Coconut Florentines,5.0,Sakura Tea Set,Safe
11,2,Baker_720,s11e2,"Ginger, Cherry and Pistachio Florentines",9.0,Morning Coffee 'n' Toast,Did well
11,2,Baker_721,s11e2,Quarantine Florentines,8.0,Viking Victuals,Safe
11,2,Baker_722,s11e2,Mango Lassi Florentines,2.0,Ethiopian Coffee Ceremony,Did well
11,2,Baker_723,s11e2,Flower Topped Florentines,4.0,High Tea in Amsterdam',Safe
11,2,Baker_724,s11e2,Sohan Florentines,6.0,Speculaas Ramadan Tea Time,Safe
11,2,Baker_725,s11e2,Waistcoat Florentines,11.0,Worse Things Happen At Sea',At risk
11,2,Baker_726,s11e2,Mango and Cumin Florentines,3.0,Indian Chai Service,Eliminated
11,3,Baker_727,s11e3,Black Pudding & Ginger Beer Soda Bread,4.0,Edinburgh Cityscape Bread Plaque,At risk
11,3,Baker_728,s11e3,Chilli Chocolate & Cheesy Bacon Soda Bread,9.0,Grateful For My Home and Little Family',At risk
11,3,Baker_729,s11e3,Nana Peg's Nicely Spiced and Cherrylicious Soda Bread,6.0,Showstopping Musical Theatre Inspired Bread,Safe
11,3,Baker_730,s11e3,My Favourite Flavours Soda Bread,7.0,A Journey Back to France,Safe
11,3,Baker_731,s11e3,Cornish Soda Breads,2.0,The Dharma Wheel Bread Sheaf,Star Baker
11,3,Baker_732,s11e3,Blueberry Breakfast & Summertime Soda Bread,5.0,My House In Bread,Safe
11,3,Baker_733,s11e3,Sausage & Stout Soda Bread,3.0,Orchard County Bread with Sweet Apple and Savoury Wild Garlic,Safe
11,3,Baker_734,s11e3,Cyflym Bara Soda Bread,1.0,Fruits of our Labour' Black Olive Bread & Tiger Bread,Safe
11,3,Baker_735,s11e3,Middle Eastern Inspired Soda Bread,8.0,Mama's Tomato Vine Harvest Loaf,Did well
11,3,Baker_736,s11e3,Flavours of Italy,10.0,Worcestershire Pear Tree,Eliminated
11,4,Baker_737,s11e4,Upside Down Brownies,4.0,Graduation Cake,Did well
11,4,Baker_738,s11e4,Honeycomb Explosion Brownies,8.0,Strawberry Splash White Chocolate Fraisier Cake,Safe
11,4,Baker_739,s11e4,Salted Caramel Brownie S'mores,2.0,Chocolate Heaven Cake,Safe
11,4,Baker_740,s11e4,"Raspberry, White Chocolate & Pistachio Brownies",5.0,Lemon & White Chocolate Cake,Safe
11,4,Baker_741,s11e4,Praline Brownies,6.0,White Chocolate & Raspberry Buttercream Celebration Cake,Safe
11,4,Baker_742,s11e4,Have Your Cake and Eat It' Brownies,9.0,Nana and Papa's Sapphire Anniversary Cake,At risk
11,4,Baker_743,s11e4,Gimmie S'mores' Brownies,3.0,A Bake Off Birthday',Star Baker
11,4,Baker_744,s11e4,Treats of Christmas Past',1.0,English Rose Cake,Safe
11,4,Baker_745,s11e4,Double Chocolate Marshmallow Brownies,7.0,Strawberry & White Chocolate Celebration Cake,Eliminated
11,5,Baker_746,s11e5,Kedgeree Pasties,1.0,Blackberry & Lemon Tart,Did well
11,5,Baker_747,s11e5,Thai Basil Chicken Pasties,5.0,"Chocolate, Mango and Lime Tart",Did well
11,5,Baker_748,s11e5,Proper Tasty Pasties,6.0,Kent Garden Tart,Star Baker
11,5,Baker_749,s11e5,Moroccan Tagine Pasties,2.0,Lime Confit and Lemon Meringue Tart,Did well
11,5,Baker_750,s11e5,Cornish Fish Pasties,7.0,Posh Apple & Blackberry Pie,At risk
11,5,Baker_751,s11e5,Toad-In-The-Hole-Less Pasties,4.0,Apple Tree Tart,Safe
11,5,Baker_752,s11e5,Aloo Gobi Pasties,3.0,Mes-SAGE in a Bottle,At risk
11,5,Baker_753,s11e5,Spicy Indian Pasties,8.0,Gypsy tart,Eliminated
11,6,Baker_754,s11e6,Lamb Steamed Buns,1.0,Dizzy the Shuttlecock,Safe
11,6,Baker_755,s11e6,Chicken Shaped Katsu Curry Buns,3.0,Matcha Shiba Inu Cake,Did well
11,6,Baker_756,s11e6,Piggy Pork Belly Buns,7.0,Upside Down Pineapple Cake,At risk
11,6,Baker_757,s11e6,Chicken Nikuman Panda Buns,4.0,Strawberry Cherry Blossom Cake,At risk
11,6,Baker_758,s11e6,Hmmmm Dhal' Steamed Buns,6.0,Hamish the Dog Cake,Did well
11,6,Baker_759,s11e6,Cheeseburger Steamed Buns,2.0,Into the Japanese Woods,Star Baker
11,6,Baker_760,s11e6,Burger Buns,5.0,Avo Baby',Eliminated
11,7,Baker_761,s11e7,Thai Curry & Salmon Quiches,2.0,Christmas Cake Surprise',Safe
11,7,Baker_762,s11e7,Novel Quiches,6.0,Tiramisu',Safe
11,7,Baker_763,s11e7,Pea & Pizza Quiches,4.0,Death by Chocolate',At risk
11,7,Baker_764,s11e7,Classic Quiches,1.0,Holiday Ice Cream Cake,Star Baker
11,7,Baker_765,s11e7,Cornish Quiches,3.0,Retro Ice Cream Parlour,Did well
11,7,Baker_766,s11e7,English Breakfast & Summer Salad Quiches,5.0,80's Mix Tape',Eliminated
11,8,Baker_767,s11e8,Lime & Ginger Cheesecakes,4.0,Snow Globe Jelly Cake,At risk
11,8,Baker_768,s11e8,Celebration of Citrus' Cheesecakes,5.0,Newquay Beach Scene,Safe
11,8,Baker_769,s11e8,Passion Fruit Cheesecakes,1.0,Flower Power' Koi Jelly Art Cake,Did well
11,8,Baker_770,s11e8,Passion Fruit Cheesecakes,3.0,Chocolate and Raspberry Mousse Jelly Cake,Star Baker
11,8,Baker_771,s11e8,New York Style Vanilla & Mascarpone Cheesecakes,2.0,Apple Jelly with Chocolate and Strawberry Mousse,Eliminated
11,9,Baker_772,s11e9,Strawberry & Elderflower Babas,1.0,"Chocolate, Raspberry & Pistachio Cube Cakes",Star Baker
11,9,Baker_773,s11e9,"Honey Tequila, Passion Fruit & Mango Savarins",3.0,Celebration of Chocolate Cube Cake,Did well
11,9,Baker_774,s11e9,"Poached Pineapple, Kiwi and Passion Fruit Rum Babas",4.0,Black Forest Cube Cakes,At risk
11,9,Baker_775,s11e9,Creme ét Abricot Baba au Rhum,2.0,The Best of Hermine' Cube Cakes,Eliminated
11,10,Baker_776,s11e10,Cranachan Custard Slice,2.0,Bonkers Bake Off Bubble Cake,Winner
11,10,Baker_777,s11e10,Caramel Latte' Custard Slice,1.0,Tower to Redemption,Runner-up
11,10,Baker_778,s11e10,Yuzu Custard Slice,3.0,Rainbow Dessert Tower,Runner-up
12,1,Baker_779,s12e1,Easter Mini Rolls,10.0,Jack and the Beanstalk',Did well
12,1,Baker_780,s12e1,Strawberries & Cream Mini Rolls,11.0,Where it All Began',Safe
12,1,Baker_781,s12e1,Chai and Chai Again' Mini Rolls,8.0,Bouq-cake of Flowers',Did well
12,1,Baker_782,s12e1,Schwarzwald' Mini Rolls,6.0,Night Time Reading',Star Baker
12,1,Baker_783,s12e1,Zoo' Mini Rolls,4.0,Nana's Peaches & Cream',Safe
12,1,Baker_784,s12e1,Chocolate & Hazelnut Mini Rolls,3.0,Greek Table,At risk
12,1,Baker_785,s12e1,Cherry Soldier' Mini Rolls,12.0,Elderflower & Lemon Surf Explosion,At risk
12,1,Baker_786,s12e1,Vegan Lemon & Raspberry Mini Rolls,2.0,Flower Potty',Safe
12,1,Baker_787,s12e1,Knit & Natter' Mini Rolls,1.0,Ice-cream Cornet,Safe
12,1,Baker_788,s12e1,Colin' Rolls,7.0,Apple Cake,Safe
12,1,Baker_789,s12e1,Lime & Passionfruit Mini Rolls,9.0,Kick the Can' Cake,At risk
12,1,Baker_790,s12e1,Black Forest Mini Rolls,5.0,Classically Spectacular Showstopper,Eliminated
12,2,Baker_791,s12e2,Gianduja Snaps,2.0,Reversi Board Game,Did well
12,2,Baker_792,s12e2,Espresso Martini' Brandy Snaps,7.0,Snooker Table,Did well
12,2,Baker_793,s12e2,Apple of My P-eye' Brandy Snaps,10.0,Vanity Playset,Safe
12,2,Baker_794,s12e2,A Cup of Chai' Brandy Snaps,1.0,Grandpa's Windmill,Star Baker
12,2,Baker_795,s12e2,Fast-Food Apple Pie Brandy Snaps,6.0,Paint a Truck,Safe
12,2,Baker_796,s12e2,Cypriot Brandy Snaps,8.0,Paul and Prue Airlines,Did well
12,2,Baker_797,s12e2,Open Sesame' Brandy Snaps,4.0,Carousel Rocking Horse,At risk
12,2,Baker_798,s12e2,Brandy Snapuccinos',3.0,Winnie,Safe
12,2,Baker_799,s12e2,Blackcurrant Brandy Snaps,5.0,Beach Playset,At risk
12,2,Baker_800,s12e2,Coffee Brandy Snaps,11.0,Gingerbread Pinball Game,Safe
12,2,Baker_801,s12e2,"Chocolate, Passion Fruit & Pineapple Brandy Snaps",9.0,Tall Ship,Eliminated
12,3,Baker_802,s12e3,Breakfast in Gaeta' Focaccia,1.0,Your Five-a-Day',Star Baker
12,3,Baker_803,s12e3,Spanish Cheesy Meaty Focaccia,6.0,Honey Milk Bread Picnic Basket,Safe
12,3,Baker_804,s12e3,Feta & Grape Focaccia with Fennel & Walnut,9.0,Bready' for Sunday Roast,Safe
12,3,Baker_805,s12e3,Kipper-caccia' Focaccia,5.0,The Baby',Safe
12,3,Baker_806,s12e3,Final Furlong' Focaccia,2.0,Pig Banquet,Did well
12,3,Baker_807,s12e3,Greek Inspired Focaccia,7.0,The Very Hungry Koala',Safe
12,3,Baker_808,s12e3,Chasing Grainbows' Focaccia,3.0,I Just FISH We Had More',Safe
12,3,Baker_809,s12e3,Mexican Fajita Focaccia,4.0,Under the Sea' Milk Bread Display,Did well
12,3,Baker_810,s12e3,Classic Focaccia,8.0,Things You'd Find in a Rock Pool',At risk
12,3,Baker_811,s12e3,"Roast Garlic Focaccia with Tomato, Feta & Pesto",10.0,Birdcage,Eliminated
12,4,Baker_812,s12e4,Every Day at the Beach' Pavlova,4.0,Red Fruit & Pistachio Imprime Dessert,Did well
12,4,Baker_813,s12e4,Tropical Pavlova,3.0,Black Forest Imprime Dessert,Star Baker
12,4,Baker_814,s12e4,Kiwi Lime Pie' Pam-lova,5.0,"Una Piña Colada, Por Favor'",Safe
12,4,Baker_815,s12e4,Passover Pavlova',1.0,Passtyme with Good Companye',Did well
12,4,Baker_816,s12e4,Easter Pavlova,2.0,Liverpool Skyline Imprime Dessert,Safe
12,4,Baker_817,s12e4,Lemon Curd & Biscuit Cream Pavlova,7.0,Peanut Butter & Chocolate Imprime Dessert,Safe
12,4,Baker_818,s12e4,Chocolate Pav-Love',8.0,Adam's Temptation' Imprime Dessert,At risk
12,4,Baker_819,s12e4,Peach Melba Vegan Pavlova,6.0,Chocolate & Orange Imprime Dessert,At risk
12,4,Baker_820,s12e4,Traditional Pavlova,9.0,Strawberry Imprime Dessert,Eliminated
12,5,Baker_821,s12e5,Bethmännchen and Italian Linzer Augen,1.0,Amarena Cherry Cake,Star Baker
12,5,Baker_822,s12e5,Marzipan Hausfreunde & Mandelhörnchen,2.0,Lemon & Mixed Peel Cake,Safe
12,5,Baker_823,s12e5,Chocolate Engelsaugen & Pistachio Heidesand,7.0,Bavarian Brioche,Safe
12,5,Baker_824,s12e5,Tee-Sterne & Milchkaffee-Gipfele,4.0,Beer Soaked Cake,Did well
12,5,Baker_825,s12e5,Mandelhörnchen & Spitzbuben,3.0,Bavarian Fairy Tale,Safe
12,5,Baker_826,s12e5,Cherry Marzipan Biscuits & Anisseed Spingerle,6.0,Chocolate & Tahini Anniversary Cake,At risk
12,5,Baker_827,s12e5,Spritzgebäck & Glühweinplätzchen,8.0,Rum. Plum & Raisin Cake,Safe
12,5,Baker_828,s12e5,Lebkuchen & Zimtsterne,5.0,Upside-Down Cake,Eliminated
12,6,Baker_829,s12e6,Bellissima Chouxnuts,4.0,Laura's Terrine Pie',Did well
12,6,Baker_830,s12e6,Oo La La Chouxnuts',3.0,Leicester Pork Pie',Safe
12,6,Baker_831,s12e6,Mango Maracujá & Miso Caramel Chouxnuts,2.0,Lily Nana's Pickle Cottage',Star Baker
12,6,Baker_832,s12e6,Exotic Flavour & 70's Colour',1.0,Lunch in Freiburg',Safe
12,6,Baker_833,s12e6,Caramel & Floral Chouxnuts,7.0,Neptune Pie',Safe
12,6,Baker_834,s12e6,Classic Chouxnuts,6.0,Christmas Dinner',At risk
12,6,Baker_835,s12e6,Sweet & Savoury Chouxnuts,5.0,Fancy Terrine Pie',Eliminated
12,7,Baker_836,s12e7,Apricot & Hazelnut Caramel Tart,1.0,Salted Caramel & Praline Dessert,Did well
12,7,Baker_837,s12e7,"Chocolate, Coconut & Ginger Caramel Tart",3.0,Caramel Mistake',Did well
12,7,Baker_838,s12e7,"Apple, Pecan & Miso Caramel Tart",4.0,Grandad Greg's Cactus Garden',Did well
12,7,Baker_839,s12e7,Triple Nut Caramel Delight,2.0,Caramel Contrasts',Star Baker
12,7,Baker_840,s12e7,My Tart Will Go On',5.0,Roses Really Smell Like Caramel',At risk
12,7,Baker_841,s12e7,Caramel Custard & Banana Tart,6.0,Salted Caramel Almond & Hazelnut Dacquoise,Eliminated
12,8,Baker_842,s12e8,Ginger & Orange Ice Cream Sandwich,2.0,Gluten-free Black Forest Cake,Safe
12,8,Baker_843,s12e8,Mum's Tropical Delight,1.0,Gluten-free Red Velvet Cake,Star Baker
12,8,Baker_844,s12e8,Tahini & Miso Coffee Ice Cream Sandwiches,5.0,My Nana's Cascading Dress' Gluten-free Cake,At risk
12,8,Baker_845,s12e8,Meet My Favourites',4.0,Ultimate Gluten-free Birthday Cake,Did well
12,8,Baker_846,s12e8,Best Thing About Walks,3.0,Gluten-free ‘Extraordinary' Cake,Eliminated
12,9,Baker_847,s12e9,Tiramisu Slices,2.0,Leaning Tower of Pisa',At risk
12,9,Baker_848,s12e9,Raspberry & Chocolate Slices,4.0,The Apple Doesn't Fall Far from the Tree',Did well
12,9,Baker_849,s12e9,"Yuzu, Coconut & Black Sesame Slices",3.0,Tropical Wedding' Entremets,Star Baker
12,9,Baker_850,s12e9,Murder at the Opera,1.0,Torii Gate in the Sea',Eliminated
12,10,Baker_851,s12e10,Torta Camilla',3.0,What Is the Hatter with Me',Winner
12,10,Baker_852,s12e10,Take Two',2.0,Party Treats,Runner-up
12,10,Baker_853,s12e10,"Pistachio, Cardamom & Orange Carrot Cake",1.0,Crazy Tea Party,Runner-up
13,1,Baker_854,s13e1,"Coconut, Pandan & Caramel Mousse Cake",1.0,Happiest Childhood Memory',Did well
13,1,Baker_855,s13e1,Cake-y Cacti',6.0,Summer In Pakistan',Safe
13,1,Baker_856,s13e1,A Bitesize of Love',2.0,Best Time Ever' Cake,Did well
13,1,Baker_857,s13e1,Pistachio & Cherry Vodka Liquor Wuzetka,7.0,Home Is Where The Flowers Grow',Star Baker
13,1,Baker_858,s13e1,Mango Magic Mess',10.0,At My Mama's',Safe
13,1,Baker_859,s13e1,Mini Persian Love Cakes,4.0,Ba-Na-Na That's My Hame',Safe
13,1,Baker_860,s13e1,"Lime, Coconut & Tamarind Spring Cakes",3.0,Nan's House',Safe
13,1,Baker_861,s13e1,To Bee or not to Bee',8.0,Little House In The Country',Safe
13,1,Baker_862,s13e1,Sticky Toffee Apple Candles,12.0,Last House On The Loch',Safe
13,1,Baker_863,s13e1,Hazelnut Mocha Latte Mini Cakes,11.0,Piña Colada Cottage',At risk
13,1,Baker_864,s13e1,Pistachio Cakes with Raspberry Buttercream,5.0,My Childhood Home',At risk
13,1,Baker_865,s13e1,Ginger & Caramel Squares,9.0,First London Family Home',Eliminated
13,2,Baker_866,s13e2,Satay Macarons,10.0,"Two Face, One Soul'",Did well
13,2,Baker_867,s13e2,Fudgetastic Maca-Cones',11.0,Parro-Tastic Biscuits',Safe
13,2,Baker_868,s13e2,Cheat Day Treat',3.0,Carnival Costume,Safe
13,2,Baker_869,s13e2,Miniature Melons,6.0,Cubist Mask,Safe
13,2,Baker_870,s13e2,Baby Daisies,5.0,Masquerade,Star Baker
13,2,Baker_871,s13e2,Mint Choc Trip,8.0,Mythical Mask,Safe
13,2,Baker_872,s13e2,Toy Shop Yarns',9.0,Baroque-Punk Mask',Safe
13,2,Baker_873,s13e2,Just A Mouthful',4.0,Macaron Masquerade',At risk
13,2,Baker_874,s13e2,Raccarons',2.0,Menacing Mask,Did well
13,2,Baker_875,s13e2,Wee Branstons',1.0,Floral Fascinator,At risk
13,2,Baker_876,s13e2,Cute Carrots,7.0,Venetian Mask,Eliminated
13,3,Baker_877,s13e3,Malaysian Prawn Sambal Pizza,5.0,Nasi Lemak Smörgåstårta,Did well
13,3,Baker_878,s13e3,Sweet & Spicy Pizza,4.0,Ultimate' Smörgåstårta,Did well
13,3,Baker_879,s13e3,Full English Breakfast Pizza,1.0,Fish and Chip Shop' Smörgåstårta,Star Baker
13,3,Baker_880,s13e3,Sweet Rosemary Lamb Pizza,2.0,The Curvy Seafood' Smörgåstårta,Safe
13,3,Baker_881,s13e3,Now Bring Us Some Figgy Pizza',7.0,I've started so I'll fin-ish' Smörgåstårta,At risk
13,3,Baker_882,s13e3,Tex-Mex Pizza,6.0,Chicken Souvlaki Smörgåstårta,At risk
13,3,Baker_883,s13e3,Pizza Exceptional',8.0,Something Fishy' Smörgåstårta,At risk
13,3,Baker_884,s13e3,"It Does Belong!' Ham, Mushroom & Pineapple Pizza",3.0,The Most Pandastic' Smörgåstårta,Safe
13,4,Baker_885,s13e4,Corn on the Cob Conchas,2.0,Sweetcorn & Cinnamon Tres Leches Cake,Safe
13,4,Baker_886,s13e4,Coconut & Raspberry Besos,6.0,Day of the Dead' Tres Leches Cake,Safe
13,4,Baker_887,s13e4,Filled Concha Buns,3.0,It's a Fiesta' Tres Leches Cake,Did well
13,4,Baker_888,s13e4,Cactus Conchas,7.0,Fruity Horchata' Tres Leches Cake,Did well
13,4,Baker_889,s13e4,Bella Naranja' Conchas,1.0,Cocoa Flower Fiesta' Tres Leches Cake,Star Baker
13,4,Baker_890,s13e4,Sweet Breads are Made of These' Borrachitos,4.0,Meci-Cocoa Pyramid' Tres Leches Cake,Safe
13,4,Baker_891,s13e4,Dark Chocolate & Chilli Kick' Conchas,5.0,Blooming' Tres Leches Cake,Did well
13,4,Baker_892,s13e4,Orange & Anise Seed Pan Dulce,10.0,Pastel De Chocolate Mexicano' Tres Leches Cake,At risk
13,4,Baker_893,s13e4,Coffee Caramel Oyster' Conchas,8.0,Chocolate & Lime 'Many Leches' Cake,Eliminated
13,4,Baker_894,s13e4,Lemon Conchas,9.0,Mexican Tiramisu' Tres Leches Cake,Eliminated
13,5,Baker_895,s13e5,Watermelon Steamed Puddings,8.0,Bee Positive',At risk
13,5,Baker_896,s13e5,Fig & Date Puddings,2.0,‘A Little Galaxy Mousse Dessert’,Safe
13,5,Baker_897,s13e5,Apple & Cherry Crumble Puddings,4.0,It's a Mousse World',Star Baker
13,5,Baker_898,s13e5,Piña Colada Puddings,1.0,‘Cake within a Cake Surprise',Did well
13,5,Baker_899,s13e5,Sticky Toffee Puddings,3.0,Sunset Surprise',Safe
13,5,Baker_900,s13e5,Clootie Dumplings,5.0,What The Dog Dug',Safe
13,5,Baker_901,s13e5,Traditional' Steamed Puddings,7.0,Woodland',At risk
13,5,Baker_902,s13e5,My Little Beauties',6.0,Strawberry Fields',Eliminated
13,6,Baker_903,s13e6,Witch Apple',1.0,Itsy Bitsy Spider',Star Baker
13,6,Baker_904,s13e6,Bonfire Cake,7.0,Witch's Lantern,Safe
13,6,Baker_905,s13e6,Creepy Apple Crumble Cake,4.0,Dead Disco Ball',Safe
13,6,Baker_906,s13e6,Mum's Apple Cake',2.0,Halloween Horror Movie Popcorn',Safe
13,6,Baker_907,s13e6,Classic Apple & Walnut Cake,6.0,"""Spoooooky'",Safe
13,6,Baker_908,s13e6,"""Apple-Bobbing'",3.0,Arachna-FOMO',At risk
13,6,Baker_909,s13e6,Ukrainian Sharlotka',5.0,A Cat In A Fancy Hat',Eliminated
13,7,Baker_910,s13e7,Mojito Floating Islands,6.0,‘Piña Coladas Anyone?’,Star Baker
13,7,Baker_911,s13e7,"Cherry, Orange & Pistachio Floating Islands",4.0,Peach & Raspberry Mille-feuille,Safe
13,7,Baker_912,s13e7,"Cherry, Almond & Hazelnut Floating Island",1.0,‘Tribute to a Friend’,Did well
13,7,Baker_913,s13e7,Morning Vanilla Latte Floating Islands,5.0,‘Neapolitan’,At risk
13,7,Baker_914,s13e7,Blueberry Lagoon Floating Islands,2.0,‘The Promised Land’,Safe
13,7,Baker_915,s13e7,Everything Coming Up Roses Floating Islands,3.0,‘My Honey Valentine’,Eliminated
13,8,Baker_916,s13e8,Citrus Dreams' Vol-au-vents,4.0,Jack & the Beanstalk',Star Baker
13,8,Baker_917,s13e8,Coconut & Berry Vol-au-vents,3.0,Adventures of a Pie-rate',Did well
13,8,Baker_918,s13e8,Key-Lime' Vol-au-vents,1.0,Caterpillar Pie Scene,At risk
13,8,Baker_919,s13e8,Strawberries & Cream' Vol-au-vents,2.0,The Very Hungry Sausage Dog',Safe
13,8,Baker_920,s13e8,Summertime Fine' Vol-au-vents,5.0,Spicy Twinkling Stars',Eliminated
13,9,Baker_921,s13e9,Peanut & Berries' Mini Charlottes,1.0,The DNA in You',Did well
13,9,Baker_922,s13e9,Pistachio Tiramisu' Mini Charlottes,2.0,To the Stars',Star Baker
13,9,Baker_923,s13e9,Caramel Nutty' Mini Charlottes,4.0,Where it Started and How it's Going',At risk
13,9,Baker_924,s13e9,Plums in Chocolate' Mini Charlottes,3.0,Brighton Pride',Eliminated
13,10,Baker_925,s13e10,Summer Picnic,2.0,This is My Home',Winner
13,10,Baker_926,s13e10,Summer Picnic,1.0,It's All About The Bees',Runner-up
13,10,Baker_927,s13e10,Summer Picnic,3.0,The World From Different Angles',Runner-up
14,1,Baker_928,s14e1,Tiramisu Vertical Layer Cake,7.0,Marty the Cocker Spaniel Cake,Safe
14,1,Baker_929,s14e1,Rhubarb & Custard Vertical Layer Cake,1.0,Bruno Cake,Star Baker
14,1,Baker_930,s14e1,Tropical Vertical Layer Cake,8.0,Mums Highland Cow Cake,Safe
14,1,Baker_931,s14e1,Black Sesame & Yuzu Vertical Layer Cake,11.0,Robin Cake,Safe
14,1,Baker_932,s14e1,Lemon Meringue Vertical Layer Cake,6.0,Raspberry Ripple Duck Cake,Did well
14,1,Baker_933,s14e1,Chaminda's Favorite Vertical Layer Cake,5.0,Tikiri the Turtle Cake,Safe
14,1,Baker_934,s14e1,Salted Caramel Latte Vertical Layer Cake,12.0,My Amazing Gracie Cake,At risk
14,1,Baker_935,s14e1,St Clements Vertical Layer Cake,10.0,Always Beavering Around Cake,At risk
14,1,Baker_936,s14e1,Chocolate & Raspberry Vertical Layer Cake,9.0,Cosmopolitan Lobster Cake,Safe
14,1,Baker_937,s14e1,"Foraged Poppy Seed, Lemon, & Blackcurrant Vertical Layer Cake",3.0,Herbert the Herdwick Cake,Did well
14,1,Baker_938,s14e1,Dad's Chocolate Orange Vertical Layer Cake,4.0,Maisie Cake,Safe
14,1,Baker_939,s14e1,Blood Orange & Dark Chocolate Vertical Layer Cake,2.0,Orca on a Wave Cake,Eliminated
14,2,Baker_940,s14e2,Half-Time Marshmallow Biscuits,5.0,Cheeseboard Illusion Biscuits,Safe
14,2,Baker_941,s14e2,Waterwheel Marshmallow Biscuits,2.0,Cheese & Onion Pie Illusion Biscuits,Safe
14,2,Baker_942,s14e2,Black Forest Marshmallow Biscuits,6.0,JJ's Burger & Fries Illusion Biscuits,Did well
14,2,Baker_943,s14e2,After-School Treat Marshmallow Biscuits,8.0,Japanese Katsu & Matcha Illusion Biscuits,Star Baker
14,2,Baker_944,s14e2,Nanny Junes Marshmallow Biscuits,9.0,Family Charcuterie Board Illusion Biscuits,Safe
14,2,Baker_945,s14e2,Pistachio & Raspberry Marshmallow Biscuits,10.0,Sri Lankan Breakfast Feast Illusion Biscuits,Safe
14,2,Baker_946,s14e2,Mallow-Dramatic Marshmallow Biscuits,7.0,Friday Night Takeaway Illusion Biscuits,Safe
14,2,Baker_947,s14e2,Tasty Teatime Treat Marshmallow Biscuits,4.0,A Home from Home Steak Pie Illusion Biscuits,At risk
14,2,Baker_948,s14e2,"Lemon, Rosemary & Violet Marshmallow Biscuits",3.0,Charcuterie Board Illusion Biscuits,Safe
14,2,Baker_949,s14e2,Flavours of Tunisia Marshmallow Biscuits,1.0,Dim Sum Brunch Illusion Biscuits,Safe
14,2,Baker_950,s14e2,Letter from America Marshmallow Biscuits,11.0,Seaside Meal Deal Illusion Biscuits,Eliminated
14,3,Baker_951,s14e3,Olive & Tomato Cottage Loaf,7.0,The Hammers Plaited Centrepiece,Safe
14,3,Baker_952,s14e3,Wild Garlic Cottage Loaf,10.0,Stuffed Crust Pizza Plaited Centrepiece,At risk
14,3,Baker_953,s14e3,Nduja' Pizza Cottage Loaf,4.0,Tiger Mascot' Plaited Centrepiece,Did well
14,3,Baker_954,s14e3,Roast Garlic and Rosemary Malted Cottage Loaf,2.0,Medusa Plaited Centrepiece,Star Baker
14,3,Baker_955,s14e3,"Cranberry, Rosemary & Walnut Cottage Loaf",6.0,Honey & Chocolate Plaited Centrepiece,Safe
14,3,Baker_956,s14e3,Cinnamon & Orange Cottage Loaf,1.0,Peacock on a Branch Plaited Centrepiece,Safe
14,3,Baker_957,s14e3,Bread-ley Cooper' Cottage Loaf,3.0,Tea Beside the Sea Plaited Centrepiece,Safe
14,3,Baker_958,s14e3,Roast Garlic & Rosemary Cottage Loaf,5.0,Angus the Highland Cow Plaited Centrepiece,Safe
14,3,Baker_959,s14e3,Olive & Tomato Cottage Loaf,9.0,A Bread Rowan Tree Plaited Centrepiece,At risk
14,3,Baker_960,s14e3,Country Kitchen' Cottage Loaf,8.0,My Favourite Tree Plaited Centrepiece,Eliminated
14,4,Baker_961,s14e4,Hazelnut & Chocolate Torte,2.0,Chocolate Box Cake,Star Baker
14,4,Baker_962,s14e4,Chilli & Chocolate Torte,1.0,A Treasure Chest of Delight Chocolate Box Cake,Did well
14,4,Baker_963,s14e4,Raspberry & Chocolate Torte,6.0,Chemistry Centenary Chocolate Box Cake,Safe
14,4,Baker_964,s14e4,"Ginger, Almond and Dark Chocolate Torte",,,Absent
14,4,Baker_965,s14e4,Cherry & Chocolate Torte,7.0,For Love Chocolate Box Cake,At risk
14,4,Baker_966,s14e4,Chocolate & Raspberry Torte,8.0,Time for Cricket Chocolate Box Cake,At risk
14,4,Baker_967,s14e4,I Cherry-ish You Chocolate Torte,5.0,Once Upon a TimeChocolate Box Cake,Safe
14,4,Baker_968,s14e4,Dream Chocolate Torte,4.0,This is No Ordinary Chocolate Box Cake,Did well
14,4,Baker_969,s14e4,Mocha Chocolate Torte,3.0,Grandpa's Paints Chocolate Box Cake,Safe
14,5,Baker_970,s14e5,Spanakopità Picnic Pies,7.0,Ski Trip Decorative Pies,Safe
14,5,Baker_971,s14e5,Lamb Keema Picnic Pies,1.0,Journey Around South America Decorative Pies,Safe
14,5,Baker_972,s14e5,Post-Match Picnic Pies,8.0,From Flour to Flower Decorative Pies,Did well
14,5,Baker_973,s14e5,"Sausage, Apple & Cranberry Picnic Pies",3.0,Sea or Ski? Decorative Pies,Safe
14,5,Baker_974,s14e5,Creamy Mushroom & Leek Picnic Pies,5.0,Autumnal Lattice Decorative Pies,Star Baker
14,5,Baker_975,s14e5,Spicy Tuna Picnic Pies,6.0,Pie Chart Decorative Pies,At risk
14,5,Baker_976,s14e5,Spud-tacular Picnic Pies,2.0,The Apple of my Pie Decorative Pies,At risk
14,5,Baker_977,s14e5,Pork & Cheese Picnic Pies,9.0,Gran's Garden Trio Decorative Pies,Eliminated
14,5,Baker_978,s14e5,Pork & Sweet Potato Picnic Pies,4.0,Lattice Fabulous Decorative Pies,Eliminated
14,6,Baker_979,s14e6,Rum Drunk Spiced Buns,4.0,Blackberry & Elderflower Floral Dessert,At risk
14,6,Baker_980,s14e6,Dreaming of Greece Spiced Buns,3.0,Sunny Meadows Floral Dessert,Safe
14,6,Baker_981,s14e6,Lemon & Blueberry Spiced Buns,2.0,"Rhubarb, Raspberry & Hibiscus Floral Dessert",Star Baker
14,6,Baker_982,s14e6,Yultide Spiced Buns,7.0,Elderflower & Hibiscus Floral Dessert,Did well
14,6,Baker_983,s14e6,"Maple, Pecan & Cinnamon Spiced Buns",1.0,"Elderflower, Strawberry & Rhubarb Floral Dessert",Did well
14,6,Baker_984,s14e6,Swedish Cinnamon Spiced Buns,5.0,Earl Grey & Hibiscus Floral Dessert,At risk
14,6,Baker_985,s14e6,Bun in a Million Spiced Buns,6.0,Stop and Smell the Rosé Floral Dessert,Eliminated
14,7,Baker_986,s14e7,Chai Créme Caramels,6.0,English Italian Summer Meringue Bombe,Safe
14,7,Baker_987,s14e7,Thai Green Curry Crème Caramels,2.0,Pale Blue Dot Meringue Bombe,Star Baker
14,7,Baker_988,s14e7,Nan's Favourite Crème Caramels,3.0,"Game, Set and Match Meringue Bombe",Did well
14,7,Baker_989,s14e7,"Fig, Honey and Rosemary Crème Caramels",1.0,Plum and Ginger Meringue Bombe,Safe
14,7,Baker_990,s14e7,Orange Crème Caramels,4.0,Croquembouche Meringue Bombe,At risk
14,7,Baker_991,s14e7,Mini Watalappan Crème Caramels,5.0,Flowers for my Bee Meringue Bombe,Eliminated
14,8,Baker_992,s14e8,Classic Sausage Roll,3.0,Sports Buffet,Star Baker
14,8,Baker_993,s14e8,Dumplings in Disguise Sausage Rolls,5.0,Prehistoric Party Poopers Buffet,At risk
14,8,Baker_994,s14e8,Turkey & Cranberry Christmas Sausage Rolls,4.0,It's Christmas! Buffet,Did well
14,8,Baker_995,s14e8,Cider in the Park Sausage Rolls,1.0,Birthdays on the Farm Buffet,Safe
14,8,Baker_996,s14e8,Cranberry & Sage Sausage Rolls,2.0,Marvellous Sweet Factory Buffet,Eliminated
14,9,Baker_997,s14e9,Pick Me Up Financiers,2.0,Taste of Italy Millefoglie,At risk
14,9,Baker_998,s14e9,Fancy Financiers,3.0,Hypersonic Millefoglie,Did well
14,9,Baker_999,s14e9,Perfect Pudding Financiers,1.0,"Lemon, Blackberry, & Blackcurrant Millefoglie",Star Baker
14,9,Baker_1000,s14e9,Fancy Fruit & Nut Financiers,4.0,Mango Mojito Millefoglie,Eliminated
14,10,Baker_1001,s14e10,Black Forest and Banoffee Eclairs,2.0,Final Celebration Cake,Winner
14,10,Baker_1002,s14e10,He Who Dares Eclairs,2.0,Lemon Drizzle Memory Lane Cake,Runner-up
14,10,Baker_1003,s14e10,Tropical and Mocha Eclairs,1.0,A Slice for All Seasons Cake,Runner-up
