SeasonEpisode,Baker,Star Baker,Did well,Safe,At risk,Eliminated,Absent,Handshake
s10e1,Baker_01,Baker_01,1,0,0,0,0,0
s10e1,Baker_02,Baker_02,0,1,0,0,0,0
s10e1,Baker_03,Baker_03,0,1,0,0,0,0
s10e1,Baker_04,Baker_04,0,1,0,0,0,0
s10e1,Baker_05,Baker_05,0,0,1,0,0,0
s10e1,Baker_06,Baker_06,0,1,0,0,0,0
s10e1,Baker_07,Baker_07,0,0,0,1,0,0
s10e1,Baker_08,Baker_08,0,1,0,0,0,0
s10e1,Baker_09,Baker_09,0,1,0,0,0,0
s10e1,Baker_10,Baker_10,0,1,0,0,0,0
s10e1,Baker_11,Baker_11,0,0,0,0,0,0
s10e1,Baker_12,Baker_12,0,1,0,0,0,0
s10e1,Baker_13,Baker_13,0,1,0,0,0,0
s10e2,Baker_14,Baker_14,0,1,0,0,0,0
s10e2,Baker_15,Baker_15,0,0,0,0,0,0
s10e2,Baker_16,Baker_16,0,1,0,0,0,0
s10e2,Baker_17,Baker_17,0,0,0,1,0,0
s10e2,Baker_18,Baker_18,0,0,1,0,0,0
s10e2,Baker_19,Baker_19,1,0,0,0,0,0
s10e2,Baker_20,Baker_20,0,1,0,0,0,0
s10e2,Baker_21,Baker_21,0,1,0,0,0,0
s10e2,Baker_22,Baker_22,0,1,0,0,0,0
s10e2,Baker_23,Baker_23,1,0,0,0,0,0
s10e2,Baker_24,Baker_24,0,1,0,0,0,0
s10e2,Baker_25,Baker_25,0,1,0,0,0,0
s10e3,Baker_26,Baker_26,0,1,0,0,0,0
s10e3,Baker_27,Baker_27,0,1,0,0,0,0
s10e3,Baker_28,Baker_28,0,1,0,0,0,0
s10e3,Baker_29,Baker_29,0,0,0,1,0,0
s10e3,Baker_30,Baker_30,0,1,0,0,0,0
s10e3,Baker_31,Baker_31,0,0,0,0,0,1
s10e3,Baker_32,Baker_32,0,1,0,0,0,0
s10e3,Baker_33,Baker_33,0,0,1,0,0,0
s10e3,Baker_34,Baker_34,1,0,0,0,0,0
s10e3,Baker_35,Baker_35,0,0,1,0,0,0
s10e3,Baker_36,Baker_36,0,1,0,0,0,0
s10e4,Baker_37,Baker_37,1,0,0,0,0,0
s10e4,Baker_38,Baker_38,0,0,1,0,0,0
s10e4,Baker_39,Baker_39,0,1,0,0,0,0
s10e4,Baker_40,Baker_40,0,1,0,0,0,0
s10e4,Baker_41,Baker_41,0,0,0,0,0,0
s10e4,Baker_42,Baker_42,0,1,0,0,0,0
s10e4,Baker_43,Baker_43,0,1,0,0,0,0
s10e4,Baker_44,Baker_44,0,1,0,0,0,0
s10e4,Baker_45,Baker_45,0,0,0,1,0,0
s10e4,Baker_46,Baker_46,0,0,1,0,0,0
s10e5,Baker_47,Baker_47,0,1,0,0,0,0
s10e5,Baker_48,Baker_48,0,0,0,1,0,0
s10e5,Baker_49,Baker_49,0,1,0,0,0,0
s10e5,Baker_50,Baker_50,1,0,0,0,0,1
s10e5,Baker_51,Baker_51,0,0,0,0,0,0
s10e5,Baker_52,Baker_52,0,0,0,1,0,0
s10e5,Baker_53,Baker_53,1,0,0,0,0,0
s10e5,Baker_54,Baker_54,0,0,1,0,0,0
s10e5,Baker_55,Baker_55,0,0,1,0,0,0
s10e6,Baker_56,Baker_56,0,0,1,0,0,0
s10e6,Baker_57,Baker_57,0,0,1,0,0,0
s10e6,Baker_58,Baker_58,0,0,1,0,0,0
s10e6,Baker_59,Baker_59,0,0,0,1,0,0
s10e6,Baker_60,Baker_60,1,0,0,0,0,0
s10e6,Baker_61,Baker_61,0,1,0,0,0,0
s10e6,Baker_62,Baker_62,0,0,0,0,0,0
s10e7,Baker_63,Baker_63,1,0,0,0,0,0
s10e7,Baker_64,Baker_64,1,0,0,0,0,1
s10e7,Baker_65,Baker_65,0,0,1,0,0,0
s10e7,Baker_66,Baker_66,0,0,0,0,0,1
s10e7,Baker_67,Baker_67,0,0,0,1,0,0
s10e7,Baker_68,Baker_68,0,1,0,0,0,0
s10e8,Baker_69,Baker_69,0,0,0,1,0,0
s10e8,Baker_70,Baker_70,0,0,1,0,0,0
s10e8,Baker_71,Baker_71,0,1,0,0,0,0
s10e8,Baker_72,Baker_72,0,0,0,0,0,0
s10e8,Baker_73,Baker_73,1,0,0,0,0,0
s10e9,Baker_74,Baker_74,0,0,0,0,0,0
s10e9,Baker_75,Baker_75,0,0,0,1,0,0
s10e9,Baker_76,Baker_76,1,0,0,0,0,0
s10e9,Baker_77,Baker_77,0,0,1,0,0,0
s11e1,Baker_78,Baker_78,1,0,0,0,0,0
s11e1,Baker_79,Baker_79,0,0,1,0,0,0
s11e1,Baker_80,Baker_80,0,1,0,0,0,0
s11e1,Baker_81,Baker_81,0,1,0,0,0,0
s11e1,Baker_82,Baker_82,1,0,0,0,0,0
s11e1,Baker_83,Baker_83,0,1,0,0,0,0
s11e1,Baker_84,Baker_84,0,0,0,0,0,0
s11e1,Baker_85,Baker_85,0,0,1,0,0,0
s11e1,Baker_86,Baker_86,0,1,0,0,0,0
s11e1,Baker_87,Baker_87,0,0,0,1,0,0
s11e1,Baker_88,Baker_88,0,1,0,0,0,0
s11e1,Baker_89,Baker_89,0,1,0,0,0,0
s11e2,Baker_90,Baker_90,0,1,0,0,0,0
s11e2,Baker_91,Baker_91,0,0,1,0,0,0
s11e2,Baker_92,Baker_92,0,1,0,0,0,0
s11e2,Baker_93,Baker_93,1,0,0,0,0,0
s11e2,Baker_94,Baker_94,0,1,0,0,0,0
s11e2,Baker_95,Baker_95,0,1,0,0,0,1
s11e2,Baker_96,Baker_96,1,0,0,0,0,0
s11e2,Baker_97,Baker_97,0,1,0,0,0,0
s11e2,Baker_98,Baker_98,0,0,0,1,0,0
s11e2,Baker_99,Baker_99,0,0,0,0,0,0
s11e2,Baker_100,Baker_100,0,1,0,0,0,0
s11e3,Baker_101,Baker_101,0,0,0,0,0,0
s11e3,Baker_102,Baker_102,0,1,0,0,0,0
s11e3,Baker_103,Baker_103,0,0,0,1,0,0
s11e3,Baker_104,Baker_104,0,0,1,0,0,0
s11e3,Baker_105,Baker_105,0,0,1,0,0,0
s11e3,Baker_106,Baker_106,1,0,0,0,0,0
s11e3,Baker_107,Baker_107,0,1,0,0,0,1
s11e3,Baker_108,Baker_108,0,1,0,0,0,0
s11e3,Baker_109,Baker_109,0,1,0,0,0,0
s11e3,Baker_110,Baker_110,0,1,0,0,0,0
s11e4,Baker_111,Baker_111,0,1,0,0,0,0
s11e4,Baker_112,Baker_112,0,0,1,0,0,0
s11e4,Baker_113,Baker_113,0,1,0,0,0,0
s11e4,Baker_114,Baker_114,0,1,0,0,0,0
s11e4,Baker_115,Baker_115,0,0,0,1,0,0
s11e4,Baker_116,Baker_116,0,1,0,0,0,0
s11e4,Baker_117,Baker_117,0,1,0,0,0,0
s11e4,Baker_118,Baker_118,0,0,0,0,0,0
s11e4,Baker_119,Baker_119,1,0,0,0,0,0
s11e5,Baker_120,Baker_120,1,0,0,0,0,0
s11e5,Baker_121,Baker_121,0,1,0,0,0,0
s11e5,Baker_122,Baker_122,0,0,0,1,0,0
s11e5,Baker_123,Baker_123,1,0,0,0,0,0
s11e5,Baker_124,Baker_124,0,0,0,0,0,0
s11e5,Baker_125,Baker_125,0,0,1,0,0,0
s11e5,Baker_126,Baker_126,0,0,1,0,0,0
s11e5,Baker_127,Baker_127,1,0,0,0,0,0
s11e6,Baker_128,Baker_128,1,0,0,0,0,0
s11e6,Baker_129,Baker_129,0,0,1,0,0,0
s11e6,Baker_130,Baker_130,0,0,0,1,0,0
s11e6,Baker_131,Baker_131,0,0,1,0,0,0
s11e6,Baker_132,Baker_132,0,1,0,0,0,0
s11e6,Baker_133,Baker_133,0,0,0,0,0,0
s11e6,Baker_134,Baker_134,1,0,0,0,0,0
s11e7,Baker_135,Baker_135,0,0,1,0,0,0
s11e7,Baker_136,Baker_136,0,0,0,1,0,0
s11e7,Baker_137,Baker_137,0,1,0,0,0,0
s11e7,Baker_138,Baker_138,0,0,0,0,0,0
s11e7,Baker_139,Baker_139,0,1,0,0,0,1
s11e7,Baker_140,Baker_140,1,0,0,0,0,0
s11e8,Baker_141,Baker_141,0,0,0,0,0,0
s11e8,Baker_142,Baker_142,0,0,1,0,0,0
s11e8,Baker_143,Baker_143,1,0,0,0,0,0
s11e8,Baker_144,Baker_144,0,0,0,1,0,0
s11e8,Baker_145,Baker_145,0,1,0,0,0,0
s11e9,Baker_146,Baker_146,0,0,0,0,0,0
s11e9,Baker_147,Baker_147,0,0,1,0,0,0
s11e9,Baker_148,Baker_148,0,0,0,1,0,0
s11e9,Baker_149,Baker_149,1,0,0,0,0,0
s12e1,Baker_150,Baker_150,0,1,0,0,0,0
s12e1,Baker_151,Baker_151,1,0,0,0,0,0
s12e1,Baker_152,Baker_152,0,0,1,0,0,0
s12e1,Baker_153,Baker_153,0,0,0,1,0,0
s12e1,Baker_154,Baker_154,0,1,0,0,0,0
s12e1,Baker_155,Baker_155,0,1,0,0,0,0
s12e1,Baker_156,Baker_156,1,0,0,0,0,0
s12e1,Baker_157,Baker_157,0,0,1,0,0,0
s12e1,Baker_158,Baker_158,0,0,1,0,0,0
s12e1,Baker_159,Baker_159,0,0,0,0,0,0
s12e1,Baker_160,Baker_160,0,1,0,0,0,0
s12e1,Baker_161,Baker_161,0,1,0,0,0,0
s12e2,Baker_162,Baker_162,0,1,0,0,0,0
s12e2,Baker_163,Baker_163,0,1,0,0,0,0
s12e2,Baker_164,Baker_164,0,0,0,1,0,0
s12e2,Baker_165,Baker_165,1,0,0,0,0,0
s12e2,Baker_166,Baker_166,0,0,1,0,0,0
s12e2,Baker_167,Baker_167,1,0,0,0,0,0
s12e2,Baker_168,Baker_168,1,0,0,0,0,0
s12e2,Baker_169,Baker_169,0,1,0,0,0,0
s12e2,Baker_170,Baker_170,0,0,0,0,0,0
s12e2,Baker_171,Baker_171,0,1,0,0,0,0
s12e2,Baker_172,Baker_172,0,0,1,0,0,0
s12e3,Baker_173,Baker_173,1,0,0,0,0,0
s12e3,Baker_174,Baker_174,0,0,0,0,0,1
s12e3,Baker_175,Baker_175,1,0,0,0,0,0
s12e3,Baker_176,Baker_176,0,0,0,1,0,0
s12e3,Baker_177,Baker_177,0,1,0,0,0,0
s12e3,Baker_178,Baker_178,0,1,0,0,0,0
s12e3,Baker_179,Baker_179,0,1,0,0,0,0
s12e3,Baker_180,Baker_180,0,1,0,0,0,0
s12e3,Baker_181,Baker_181,0,1,0,0,0,0
s12e3,Baker_182,Baker_182,0,0,1,0,0,0
s12e4,Baker_183,Baker_183,0,1,0,0,0,0
s12e4,Baker_184,Baker_184,0,1,0,0,0,0
s12e4,Baker_185,Baker_185,0,0,1,0,0,0
s12e4,Baker_186,Baker_186,0,0,0,0,0,1
s12e4,Baker_187,Baker_187,0,1,0,0,0,0
s12e4,Baker_188,Baker_188,1,0,0,0,0,0
s12e4,Baker_189,Baker_189,0,0,0,1,0,0
s12e4,Baker_190,Baker_190,1,0,0,0,0,0
s12e4,Baker_191,Baker_191,0,0,1,0,0,0
s12e5,Baker_192,Baker_192,0,1,0,0,0,0
s12e5,Baker_193,Baker_193,0,0,0,0,0,0
s12e5,Baker_194,Baker_194,0,0,1,0,0,0
s12e5,Baker_195,Baker_195,0,1,0,0,0,0
s12e5,Baker_196,Baker_196,0,1,0,0,0,0
s12e5,Baker_197,Baker_197,0,1,0,0,0,0
s12e5,Baker_198,Baker_198,0,0,0,1,0,0
s12e5,Baker_199,Baker_199,1,0,0,0,0,1
s12e6,Baker_200,Baker_200,0,1,0,0,0,0
s12e6,Baker_201,Baker_201,0,0,1,0,0,0
s12e6,Baker_202,Baker_202,1,0,0,0,0,0
s12e6,Baker_203,Baker_203,0,1,0,0,0,0
s12e6,Baker_204,Baker_204,0,0,0,0,0,1
s12e6,Baker_205,Baker_205,0,1,0,0,0,0
s12e6,Baker_206,Baker_206,0,0,0,1,0,0
s12e7,Baker_207,Baker_207,0,0,0,0,0,0
s12e7,Baker_208,Baker_208,0,0,0,1,0,0
s12e7,Baker_209,Baker_209,1,0,0,0,0,0
s12e7,Baker_210,Baker_210,0,0,1,0,0,0
s12e7,Baker_211,Baker_211,1,0,0,0,0,0
s12e7,Baker_212,Baker_212,1,0,0,0,0,0
s12e8,Baker_213,Baker_213,0,0,0,1,0,0
s12e8,Baker_214,Baker_214,1,0,0,0,0,0
s12e8,Baker_215,Baker_215,0,1,0,0,0,0
s12e8,Baker_216,Baker_216,0,0,0,0,0,0
s12e8,Baker_217,Baker_217,0,0,1,0,0,0
s12e9,Baker_218,Baker_218,0,0,1,0,0,1
s12e9,Baker_219,Baker_219,0,0,0,0,0,1
s12e9,Baker_220,Baker_220,1,0,0,0,0,1
s12e9,Baker_221,Baker_221,0,0,0,1,0,0
s13e1,Baker_222,Baker_222,0,1,0,0,0,0
s13e1,Baker_223,Baker_223,0,1,0,0,0,0
s13e1,Baker_224,Baker_224,1,0,0,0,0,0
s13e1,Baker_225,Baker_225,0,0,0,1,0,0
s13e1,Baker_226,Baker_226,0,1,0,0,0,0
s13e1,Baker_227,Baker_227,0,0,0,0,0,0
s13e1,Baker_228,Baker_228,0,1,0,0,0,0
s13e1,Baker_229,Baker_229,0,1,0,0,0,0
s13e1,Baker_230,Baker_230,0,0,1,0,0,0
s13e1,Baker_231,Baker_231,0,1,0,0,0,0
s13e1,Baker_232,Baker_232,0,0,1,0,0,0
s13e1,Baker_233,Baker_233,1,0,0,0,0,0
s13e2,Baker_234,Baker_234,0,0,1,0,0,0
s13e2,Baker_235,Baker_235,0,0,0,1,0,0
s13e2,Baker_236,Baker_236,0,1,0,0,0,1
s13e2,Baker_237,Baker_237,1,0,0,0,0,0
s13e2,Baker_238,Baker_238,0,1,0,0,0,0
s13e2,Baker_239,Baker_239,0,1,0,0,0,0
s13e2,Baker_240,Baker_240,0,1,0,0,0,0
s13e2,Baker_241,Baker_241,0,0,0,0,0,1
s13e2,Baker_242,Baker_242,0,1,0,0,0,0
s13e2,Baker_243,Baker_243,0,0,1,0,0,0
s13e2,Baker_244,Baker_244,1,0,0,0,0,0
s13e3,Baker_245,Baker_245,0,0,0,0,1,0
s13e3,Baker_246,Baker_246,1,0,0,0,0,0
s13e3,Baker_247,Baker_247,0,0,0,0,0,0
s13e3,Baker_248,Baker_248,1,0,0,0,0,0
s13e3,Baker_249,Baker_249,0,1,0,0,0,0
s13e3,Baker_250,Baker_250,0,0,1,0,0,0
s13e3,Baker_251,Baker_251,0,0,0,0,1,0
s13e3,Baker_252,Baker_252,0,0,1,0,0,0
s13e3,Baker_253,Baker_253,0,1,0,0,0,0
s13e3,Baker_254,Baker_254,0,0,1,0,0,0
s13e4,Baker_255,Baker_255,0,0,0,1,0,0
s13e4,Baker_256,Baker_256,0,1,0,0,0,0
s13e4,Baker_257,Baker_257,0,1,0,0,0,0
s13e4,Baker_258,Baker_258,0,1,0,0,0,0
s13e4,Baker_259,Baker_259,0,0,1,0,0,0
s13e4,Baker_260,Baker_260,1,0,0,0,0,0
s13e4,Baker_261,Baker_261,0,0,0,0,0,0
s13e4,Baker_262,Baker_262,0,0,0,1,0,0
s13e4,Baker_263,Baker_263,1,0,0,0,0,0
s13e4,Baker_264,Baker_264,1,0,0,0,0,0
s13e5,Baker_265,Baker_265,0,0,1,0,0,0
s13e5,Baker_266,Baker_266,0,0,1,0,0,0
s13e5,Baker_267,Baker_267,0,1,0,0,0,0
s13e5,Baker_268,Baker_268,0,1,0,0,0,0
s13e5,Baker_269,Baker_269,0,0,0,1,0,0
s13e5,Baker_270,Baker_270,1,0,0,0,0,0
s13e5,Baker_271,Baker_271,0,0,0,0,0,0
s13e5,Baker_272,Baker_272,0,1,0,0,0,0
s13e6,Baker_273,Baker_273,0,0,0,1,0,0
s13e6,Baker_274,Baker_274,0,1,0,0,0,0
s13e6,Baker_275,Baker_275,0,1,0,0,0,1
s13e6,Baker_276,Baker_276,0,1,0,0,0,0
s13e6,Baker_277,Baker_277,0,0,0,0,0,1
s13e6,Baker_278,Baker_278,0,1,0,0,0,0
s13e6,Baker_279,Baker_279,0,0,1,0,0,0
s13e7,Baker_280,Baker_280,0,0,0,1,0,0
s13e7,Baker_281,Baker_281,0,0,0,0,0,0
s13e7,Baker_282,Baker_282,0,1,0,0,0,0
s13e7,Baker_283,Baker_283,1,0,0,0,0,0
s13e7,Baker_284,Baker_284,0,0,1,0,0,0
s13e7,Baker_285,Baker_285,0,1,0,0,0,0
s13e8,Baker_286,Baker_286,0,0,0,1,0,0
s13e8,Baker_287,Baker_287,0,0,1,0,0,0
s13e8,Baker_288,Baker_288,1,0,0,0,0,0
s13e8,Baker_289,Baker_289,0,0,0,0,0,0
s13e8,Baker_290,Baker_290,0,1,0,0,0,0
s13e9,Baker_291,Baker_291,0,0,0,1,0,0
s13e9,Baker_292,Baker_292,1,0,0,0,0,0
s13e9,Baker_293,Baker_293,0,0,0,0,0,0
s13e9,Baker_294,Baker_294,0,0,1,0,0,0
s14e1,Baker_295,Baker_295,1,0,0,0,0,0
s14e1,Baker_296,Baker_296,0,0,0,1,0,0
s14e1,Baker_297,Baker_297,0,1,0,0,0,0
s14e1,Baker_298,Baker_298,0,1,0,0,0,0
s14e1,Baker_299,Baker_299,0,0,1,0,0,0
s14e1,Baker_300,Baker_300,1,0,0,0,0,0
s14e1,Baker_301,Baker_301,0,1,0,0,0,0
s14e1,Baker_302,Baker_302,0,1,0,0,0,0
s14e1,Baker_303,Baker_303,0,1,0,0,0,0
s14e1,Baker_304,Baker_304,0,1,0,0,0,0
s14e1,Baker_305,Baker_305,0,0,0,0,0,0
s14e1,Baker_306,Baker_306,0,0,1,0,0,0
s14e2,Baker_307,Baker_307,0,1,0,0,0,0
s14e2,Baker_308,Baker_308,0,1,0,0,0,0
s14e2,Baker_309,Baker_309,0,0,1,0,0,0
s14e2,Baker_310,Baker_310,1,0,0,0,0,1
s14e2,Baker_311,Baker_311,0,0,0,0,0,1
s14e2,Baker_312,Baker_312,0,1,0,0,0,0
s14e2,Baker_313,Baker_313,0,1,0,0,0,0
s14e2,Baker_314,Baker_314,0,0,0,1,0,0
s14e2,Baker_315,Baker_315,0,1,0,0,0,0
s14e2,Baker_316,Baker_316,0,1,0,0,0,0
s14e2,Baker_317,Baker_317,0,1,0,0,0,0
s14e3,Baker_318,Baker_318,0,1,0,0,0,0
s14e3,Baker_319,Baker_319,0,0,1,0,0,0
s14e3,Baker_320,Baker_320,0,1,0,0,0,0
s14e3,Baker_321,Baker_321,0,0,0,1,0,0
s14e3,Baker_322,Baker_322,1,0,0,0,0,0
s14e3,Baker_323,Baker_323,0,1,0,0,0,0
s14e3,Baker_324,Baker_324,0,0,0,0,0,0
s14e3,Baker_325,Baker_325,0,0,1,0,0,0
s14e3,Baker_326,Baker_326,0,1,0,0,0,0
s14e3,Baker_327,Baker_327,0,1,0,0,0,0
s14e4,Baker_328,Baker_328,1,0,0,0,0,0
s14e4,Baker_329,Baker_329,0,0,1,0,0,0
s14e4,Baker_330,Baker_330,0,0,0,0,1,0
s14e4,Baker_331,Baker_331,1,0,0,0,0,0
s14e4,Baker_332,Baker_332,0,1,0,0,0,0
s14e4,Baker_333,Baker_333,0,1,0,0,0,0
s14e4,Baker_334,Baker_334,0,0,1,0,0,0
s14e4,Baker_335,Baker_335,0,0,0,0,0,0
s14e4,Baker_336,Baker_336,0,1,0,0,0,0
s14e5,Baker_337,Baker_337,0,1,0,0,0,0
s14e5,Baker_338,Baker_338,0,1,0,0,0,0
s14e5,Baker_339,Baker_339,0,0,1,0,0,0
s14e5,Baker_340,Baker_340,0,0,0,1,0,0
s14e5,Baker_341,Baker_341,0,1,0,0,0,0
s14e5,Baker_342,Baker_342,0,0,0,1,0,0
s14e5,Baker_343,Baker_343,0,0,1,0,0,0
s14e5,Baker_344,Baker_344,1,0,0,0,0,0
s14e5,Baker_345,Baker_345,0,0,0,0,0,1
s14e6,Baker_346,Baker_346,1,0,0,0,0,0
s14e6,Baker_347,Baker_347,0,0,0,1,0,0
s14e6,Baker_348,Baker_348,0,1,0,0,0,0
s14e6,Baker_349,Baker_349,0,0,1,0,0,0
s14e6,Baker_350,Baker_350,0,0,0,0,0,0
s14e6,Baker_351,Baker_351,0,0,1,0,0,0
s14e6,Baker_352,Baker_352,1,0,0,0,0,0
s14e7,Baker_353,Baker_353,0,0,0,1,0,0
s14e7,Baker_354,Baker_354,0,0,0,0,0,0
s14e7,Baker_355,Baker_355,1,0,0,0,0,0
s14e7,Baker_356,Baker_356,0,1,0,0,0,0
s14e7,Baker_357,Baker_357,0,0,1,0,0,0
s14e7,Baker_358,Baker_358,0,1,0,0,0,0
s14e8,Baker_359,Baker_359,0,0,0,1,0,0
s14e8,Baker_360,Baker_360,0,0,0,0,0,1
s14e8,Baker_361,Baker_361,0,1,0,0,0,0
s14e8,Baker_362,Baker_362,1,0,0,0,0,0
s14e8,Baker_363,Baker_363,0,0,1,0,0,0
s14e9,Baker_364,Baker_364,0,0,1,0,0,0
s14e9,Baker_365,Baker_365,0,0,0,0,0,0
s14e9,Baker_366,Baker_366,1,0,0,0,0,1
s14e9,Baker_367,Baker_367,0,0,0,1,0,0
s1e1,Baker_368,Baker_368,0,1,0,0,0,0
s1e1,Baker_369,Baker_369,0,1,0,0,0,0
s1e1,Baker_370,Baker_370,0,0,1,0,0,0
s1e1,Baker_371,Baker_371,1,0,0,0,0,0
s1e1,Baker_372,Baker_372,0,0,0,1,0,0
s1e1,Baker_373,Baker_373,1,0,0,0,0,0
s1e1,Baker_374,Baker_374,0,1,0,0,0,0
s1e1,Baker_375,Baker_375,1,0,0,0,0,0
s1e1,Baker_376,Baker_376,0,0,1,0,0,0
s1e1,Baker_377,Baker_377,0,0,0,1,0,0
s1e2,Baker_378,Baker_378,1,0,0,0,0,0
s1e2,Baker_379,Baker_379,0,1,0,0,0,0
s1e2,Baker_380,Baker_380,1,0,0,0,0,0
s1e2,Baker_381,Baker_381,0,0,1,0,0,0
s1e2,Baker_382,Baker_382,0,1,0,0,0,0
s1e2,Baker_383,Baker_383,0,0,0,1,0,0
s1e2,Baker_384,Baker_384,0,0,0,1,0,0
s1e2,Baker_385,Baker_385,1,0,0,0,0,0
s1e3,Baker_386,Baker_386,1,0,0,0,0,0
s1e3,Baker_387,Baker_387,0,0,1,0,0,0
s1e3,Baker_388,Baker_388,0,0,0,1,0,0
s1e3,Baker_389,Baker_389,0,1,0,0,0,0
s1e3,Baker_390,Baker_390,0,0,1,0,0,0
s1e3,Baker_391,Baker_391,1,0,0,0,0,0
s1e4,Baker_392,Baker_392,0,0,1,0,0,0
s1e4,Baker_393,Baker_393,1,0,0,0,0,0
s1e4,Baker_394,Baker_394,1,0,0,0,0,0
s1e4,Baker_395,Baker_395,0,0,0,1,0,0
s1e4,Baker_396,Baker_396,1,0,0,0,0,0
s1e5,Baker_397,Baker_397,0,0,1,0,0,0
s1e5,Baker_398,Baker_398,0,0,0,1,0,0
s1e5,Baker_399,Baker_399,1,0,0,0,0,0
s1e5,Baker_400,Baker_400,1,0,0,0,0,0
s2e1,Baker_401,Baker_401,0,1,0,0,0,0
s2e1,Baker_402,Baker_402,0,0,0,1,0,0
s2e1,Baker_403,Baker_403,0,1,0,0,0,0
s2e1,Baker_404,Baker_404,0,1,0,0,0,0
s2e1,Baker_405,Baker_405,0,1,0,0,0,0
s2e1,Baker_406,Baker_406,0,0,1,0,0,0
s2e1,Baker_407,Baker_407,0,0,1,0,0,0
s2e1,Baker_408,Baker_408,0,1,0,0,0,0
s2e1,Baker_409,Baker_409,0,1,0,0,0,0
s2e1,Baker_410,Baker_410,0,0,0,0,0,0
s2e1,Baker_411,Baker_411,1,0,0,0,0,0
s2e1,Baker_412,Baker_412,0,1,0,0,0,0
s2e2,Baker_413,Baker_413,0,0,1,0,0,0
s2e2,Baker_414,Baker_414,0,1,0,0,0,0
s2e2,Baker_415,Baker_415,0,1,0,0,0,0
s2e2,Baker_416,Baker_416,0,1,0,0,0,0
s2e2,Baker_417,Baker_417,0,1,0,0,0,0
s2e2,Baker_418,Baker_418,0,0,0,0,0,0
s2e2,Baker_419,Baker_419,1,0,0,0,0,0
s2e2,Baker_420,Baker_420,0,0,1,0,0,0
s2e2,Baker_421,Baker_421,0,0,0,1,0,0
s2e2,Baker_422,Baker_422,0,1,0,0,0,0
s2e2,Baker_423,Baker_423,0,1,0,0,0,0
s2e3,Baker_424,Baker_424,0,1,0,0,0,0
s2e3,Baker_425,Baker_425,0,0,0,1,0,0
s2e3,Baker_426,Baker_426,0,0,0,1,0,0
s2e3,Baker_427,Baker_427,0,1,0,0,0,0
s2e3,Baker_428,Baker_428,0,0,1,0,0,0
s2e3,Baker_429,Baker_429,0,0,1,0,0,0
s2e3,Baker_430,Baker_430,0,1,0,0,0,0
s2e3,Baker_431,Baker_431,0,1,0,0,0,0
s2e3,Baker_432,Baker_432,1,0,0,0,0,0
s2e3,Baker_433,Baker_433,0,0,0,0,0,0
s2e4,Baker_434,Baker_434,1,0,0,0,0,0
s2e4,Baker_435,Baker_435,0,1,0,0,0,0
s2e4,Baker_436,Baker_436,0,0,0,0,0,0
s2e4,Baker_437,Baker_437,0,0,1,0,0,0
s2e4,Baker_438,Baker_438,0,1,0,0,0,0
s2e4,Baker_439,Baker_439,0,0,0,0,0,0
s2e4,Baker_440,Baker_440,0,1,0,0,0,0
s2e4,Baker_441,Baker_441,0,0,0,1,0,0
s2e5,Baker_442,Baker_442,0,0,0,0,0,0
s2e5,Baker_443,Baker_443,0,1,0,0,0,0
s2e5,Baker_444,Baker_444,0,0,0,1,0,0
s2e5,Baker_445,Baker_445,0,0,0,1,0,0
s2e5,Baker_446,Baker_446,0,1,0,0,0,0
s2e5,Baker_447,Baker_447,1,0,0,0,0,0
s2e5,Baker_448,Baker_448,0,0,1,0,0,0
s2e6,Baker_449,Baker_449,0,0,0,1,0,0
s2e6,Baker_450,Baker_450,1,0,0,0,0,0
s2e6,Baker_451,Baker_451,1,0,0,0,0,0
s2e6,Baker_452,Baker_452,0,0,0,0,0,0
s2e6,Baker_453,Baker_453,0,0,1,0,0,0
s2e7,Baker_454,Baker_454,0,0,0,1,0,0
s2e7,Baker_455,Baker_455,1,0,0,0,0,0
s2e7,Baker_456,Baker_456,0,0,1,0,0,0
s2e7,Baker_457,Baker_457,1,0,0,0,0,0
s3e1,Baker_458,Baker_458,0,1,0,0,0,0
s3e1,Baker_459,Baker_459,0,1,0,0,0,0
s3e1,Baker_460,Baker_460,0,1,0,0,0,0
s3e1,Baker_461,Baker_461,0,0,0,0,0,0
s3e1,Baker_462,Baker_462,0,0,0,1,0,0
s3e1,Baker_463,Baker_463,1,0,0,0,0,0
s3e1,Baker_464,Baker_464,0,0,1,0,0,0
s3e1,Baker_465,Baker_465,0,1,0,0,0,0
s3e1,Baker_466,Baker_466,0,1,0,0,0,0
s3e1,Baker_467,Baker_467,0,1,0,0,0,0
s3e1,Baker_468,Baker_468,0,1,0,0,0,0
s3e1,Baker_469,Baker_469,0,1,0,0,0,0
s3e2,Baker_470,Baker_470,0,1,0,0,0,0
s3e2,Baker_471,Baker_471,0,1,0,0,0,0
s3e2,Baker_472,Baker_472,1,0,0,0,0,0
s3e2,Baker_473,Baker_473,0,1,0,0,0,0
s3e2,Baker_474,Baker_474,0,0,1,0,0,0
s3e2,Baker_475,Baker_475,0,1,0,0,0,0
s3e2,Baker_476,Baker_476,1,0,0,0,0,0
s3e2,Baker_477,Baker_477,0,0,0,1,0,0
s3e2,Baker_478,Baker_478,0,1,0,0,0,0
s3e2,Baker_479,Baker_479,0,0,0,0,0,0
s3e2,Baker_480,Baker_480,0,0,1,0,0,0
s3e3,Baker_481,Baker_481,0,1,0,0,0,0
s3e3,Baker_482,Baker_482,0,0,1,0,0,0
s3e3,Baker_483,Baker_483,0,0,0,0,0,0
s3e3,Baker_484,Baker_484,0,1,0,0,0,0
s3e3,Baker_485,Baker_485,1,0,0,0,0,0
s3e3,Baker_486,Baker_486,0,1,0,0,0,0
s3e3,Baker_487,Baker_487,0,1,0,0,0,0
s3e3,Baker_488,Baker_488,0,0,0,1,0,0
s3e3,Baker_489,Baker_489,0,1,0,0,0,0
s3e3,Baker_490,Baker_490,0,1,0,0,0,0
s3e4,Baker_491,Baker_491,0,1,0,0,0,0
s3e4,Baker_492,Baker_492,0,0,1,0,0,0
s3e4,Baker_493,Baker_493,1,0,0,0,0,0
s3e4,Baker_494,Baker_494,0,0,0,1,0,0
s3e4,Baker_495,Baker_495,0,1,0,0,0,0
s3e4,Baker_496,Baker_496,0,1,0,0,0,0
s3e4,Baker_497,Baker_497,0,0,0,0,0,0
s3e4,Baker_498,Baker_498,0,1,0,0,0,0
s3e4,Baker_499,Baker_499,0,0,1,0,0,0
s3e5,Baker_500,Baker_500,0,0,1,0,0,0
s3e5,Baker_501,Baker_501,1,0,0,0,0,0
s3e5,Baker_502,Baker_502,0,1,0,0,0,0
s3e5,Baker_503,Baker_503,0,1,0,0,0,0
s3e5,Baker_504,Baker_504,0,0,0,1,0,0
s3e5,Baker_505,Baker_505,0,0,1,0,0,0
s3e5,Baker_506,Baker_506,0,0,0,0,0,0
s3e5,Baker_507,Baker_507,0,1,0,0,0,0
s3e6,Baker_508,Baker_508,0,0,0,0,0,0
s3e6,Baker_509,Baker_509,0,0,1,0,0,0
s3e6,Baker_510,Baker_510,0,0,1,0,0,0
s3e6,Baker_511,Baker_511,0,1,0,0,0,0
s3e6,Baker_512,Baker_512,1,0,0,0,0,0
s3e6,Baker_513,Baker_513,0,1,0,0,0,0
s3e6,Baker_514,Baker_514,0,0,1,0,0,0
s3e7,Baker_515,Baker_515,0,0,1,0,0,0
s3e7,Baker_516,Baker_516,0,0,0,1,0,0
s3e7,Baker_517,Baker_517,0,0,0,0,0,0
s3e7,Baker_518,Baker_518,0,0,1,0,0,0
s3e7,Baker_519,Baker_519,0,0,1,0,0,0
s3e7,Baker_520,Baker_520,1,0,0,0,0,0
s3e7,Baker_521,Baker_521,0,0,0,1,0,1
s3e8,Baker_522,Baker_522,0,0,0,1,0,0
s3e8,Baker_523,Baker_523,0,1,0,0,0,0
s3e8,Baker_524,Baker_524,0,0,1,0,0,0
s3e8,Baker_525,Baker_525,1,0,0,0,0,0
s3e8,Baker_526,Baker_526,0,0,0,0,0,0
s3e9,Baker_527,Baker_527,0,0,1,0,0,0
s3e9,Baker_528,Baker_528,0,0,0,0,0,0
s3e9,Baker_529,Baker_529,0,0,0,1,0,0
s3e9,Baker_530,Baker_530,1,0,0,0,0,0
s4e1,Baker_531,Baker_531,0,1,0,0,0,0
s4e1,Baker_532,Baker_532,1,0,0,0,0,0
s4e1,Baker_533,Baker_533,0,1,0,0,0,0
s4e1,Baker_534,Baker_534,0,1,0,0,0,0
s4e1,Baker_535,Baker_535,1,0,0,0,0,0
s4e1,Baker_536,Baker_536,0,1,0,0,0,0
s4e1,Baker_537,Baker_537,0,0,1,0,0,0
s4e1,Baker_538,Baker_538,0,0,0,0,0,0
s4e1,Baker_539,Baker_539,0,0,1,0,0,0
s4e1,Baker_540,Baker_540,0,1,0,0,0,0
s4e1,Baker_541,Baker_541,0,0,0,1,0,0
s4e1,Baker_542,Baker_542,0,1,0,0,0,0
s4e1,Baker_543,Baker_543,0,1,0,0,0,0
s4e2,Baker_544,Baker_544,1,0,0,0,0,0
s4e2,Baker_545,Baker_545,0,1,0,0,0,0
s4e2,Baker_546,Baker_546,0,0,1,0,0,0
s4e2,Baker_547,Baker_547,0,1,0,0,0,0
s4e2,Baker_548,Baker_548,0,0,1,0,0,0
s4e2,Baker_549,Baker_549,0,1,0,0,0,0
s4e2,Baker_550,Baker_550,0,1,0,0,0,0
s4e2,Baker_551,Baker_551,0,0,0,0,0,0
s4e2,Baker_552,Baker_552,0,0,1,0,0,0
s4e2,Baker_553,Baker_553,0,1,0,0,0,0
s4e2,Baker_554,Baker_554,0,1,0,0,0,0
s4e2,Baker_555,Baker_555,0,0,0,1,0,0
s4e3,Baker_556,Baker_556,0,0,0,1,0,0
s4e3,Baker_557,Baker_557,0,0,0,1,0,0
s4e3,Baker_558,Baker_558,0,1,0,0,0,0
s4e3,Baker_559,Baker_559,0,1,0,0,0,0
s4e3,Baker_560,Baker_560,0,1,0,0,0,0
s4e3,Baker_561,Baker_561,0,0,1,0,0,0
s4e3,Baker_562,Baker_562,1,0,0,0,0,0
s4e3,Baker_563,Baker_563,0,0,0,0,0,0
s4e3,Baker_564,Baker_564,1,0,0,0,0,0
s4e3,Baker_565,Baker_565,0,1,0,0,0,0
s4e3,Baker_566,Baker_566,0,1,0,0,0,0
s4e4,Baker_567,Baker_567,0,1,0,0,0,0
s4e4,Baker_568,Baker_568,0,0,1,0,0,0
s4e4,Baker_569,Baker_569,0,0,0,1,0,0
s4e4,Baker_570,Baker_570,0,0,1,0,0,0
s4e4,Baker_571,Baker_571,0,1,0,0,0,0
s4e4,Baker_572,Baker_572,1,0,0,0,0,0
s4e4,Baker_573,Baker_573,0,1,0,0,0,0
s4e4,Baker_574,Baker_574,0,0,0,0,0,0
s4e4,Baker_575,Baker_575,0,1,0,0,0,0
s4e5,Baker_576,Baker_576,0,1,0,0,0,0
s4e5,Baker_577,Baker_577,0,0,0,0,0,0
s4e5,Baker_578,Baker_578,1,0,0,0,0,0
s4e5,Baker_579,Baker_579,0,0,1,0,0,0
s4e5,Baker_580,Baker_580,0,0,0,1,0,0
s4e5,Baker_581,Baker_581,0,0,1,0,0,0
s4e5,Baker_582,Baker_582,0,1,0,0,0,0
s4e5,Baker_583,Baker_583,0,1,0,0,0,0
s4e6,Baker_584,Baker_584,0,1,0,0,0,0
s4e6,Baker_585,Baker_585,0,1,0,0,0,0
s4e6,Baker_586,Baker_586,0,0,0,0,0,0
s4e6,Baker_587,Baker_587,0,0,1,0,0,0
s4e6,Baker_588,Baker_588,0,0,0,1,0,0
s4e6,Baker_589,Baker_589,1,0,0,0,0,0
s4e6,Baker_590,Baker_590,0,1,0,0,0,0
s4e7,Baker_591,Baker_591,0,1,0,0,0,0
s4e7,Baker_592,Baker_592,0,0,0,1,0,0
s4e7,Baker_593,Baker_593,0,0,1,0,0,0
s4e7,Baker_594,Baker_594,0,0,0,0,0,0
s4e7,Baker_595,Baker_595,0,1,0,0,0,0
s4e7,Baker_596,Baker_596,1,0,0,0,0,0
s4e8,Baker_597,Baker_597,0,0,0,0,0,0
s4e8,Baker_598,Baker_598,0,0,1,0,0,0
s4e8,Baker_599,Baker_599,0,0,0,1,0,0
s4e8,Baker_600,Baker_600,1,0,0,0,0,0
s4e8,Baker_601,Baker_601,0,0,1,0,0,0
s4e9,Baker_602,Baker_602,0,0,1,0,0,0
s4e9,Baker_603,Baker_603,0,0,0,1,0,0
s4e9,Baker_604,Baker_604,1,0,0,0,0,1
s4e9,Baker_605,Baker_605,0,0,0,0,0,0
s5e1,Baker_606,Baker_606,0,0,1,0,0,0
s5e1,Baker_607,Baker_607,0,1,0,0,0,0
s5e1,Baker_608,Baker_608,0,0,0,1,0,0
s5e1,Baker_609,Baker_609,0,1,0,0,0,0
s5e1,Baker_610,Baker_610,0,1,0,0,0,0
s5e1,Baker_611,Baker_611,1,0,0,0,0,0
s5e1,Baker_612,Baker_612,1,0,0,0,0,0
s5e1,Baker_613,Baker_613,0,1,0,0,0,0
s5e1,Baker_614,Baker_614,0,1,0,0,0,0
s5e1,Baker_615,Baker_615,0,0,0,0,0,0
s5e1,Baker_616,Baker_616,0,1,0,0,0,0
s5e1,Baker_617,Baker_617,0,0,1,0,0,0
s5e2,Baker_618,Baker_618,0,0,0,0,0,0
s5e2,Baker_619,Baker_619,0,1,0,0,0,0
s5e2,Baker_620,Baker_620,0,1,0,0,0,0
s5e2,Baker_621,Baker_621,0,0,0,1,0,0
s5e2,Baker_622,Baker_622,0,0,1,0,0,1
s5e2,Baker_623,Baker_623,0,1,0,0,0,0
s5e2,Baker_624,Baker_624,1,0,0,0,0,0
s5e2,Baker_625,Baker_625,0,1,0,0,0,0
s5e2,Baker_626,Baker_626,0,1,0,0,0,0
s5e2,Baker_627,Baker_627,0,1,0,0,0,0
s5e2,Baker_628,Baker_628,0,1,0,0,0,0
s5e3,Baker_629,Baker_629,0,1,0,0,0,0
s5e3,Baker_630,Baker_630,0,1,0,0,0,0
s5e3,Baker_631,Baker_631,0,1,0,0,0,0
s5e3,Baker_632,Baker_632,0,0,1,0,0,0
s5e3,Baker_633,Baker_633,0,1,0,0,0,0
s5e3,Baker_634,Baker_634,0,1,0,0,0,0
s5e3,Baker_635,Baker_635,0,0,0,0,0,1
s5e3,Baker_636,Baker_636,0,1,0,0,0,0
s5e3,Baker_637,Baker_637,1,0,0,0,0,0
s5e3,Baker_638,Baker_638,0,0,0,1,0,0
s5e4,Baker_639,Baker_639,0,0,1,0,0,0
s5e4,Baker_640,Baker_640,0,1,0,0,0,0
s5e4,Baker_641,Baker_641,0,1,0,0,0,0
s5e4,Baker_642,Baker_642,0,0,0,0,0,0
s5e4,Baker_643,Baker_643,0,0,0,1,0,0
s5e4,Baker_644,Baker_644,0,1,0,0,0,0
s5e4,Baker_645,Baker_645,1,0,0,0,0,0
s5e4,Baker_646,Baker_646,1,0,0,0,0,0
s5e4,Baker_647,Baker_647,0,1,0,0,0,0
s5e5,Baker_648,Baker_648,0,0,0,0,0,0
s5e5,Baker_649,Baker_649,0,0,1,0,0,0
s5e5,Baker_650,Baker_650,1,0,0,0,0,0
s5e5,Baker_651,Baker_651,0,0,1,0,0,0
s5e5,Baker_652,Baker_652,0,1,0,0,0,0
s5e5,Baker_653,Baker_653,0,0,0,1,0,0
s5e5,Baker_654,Baker_654,0,1,0,0,0,0
s5e6,Baker_655,Baker_655,0,0,0,0,0,0
s5e6,Baker_656,Baker_656,0,1,0,0,0,0
s5e6,Baker_657,Baker_657,1,0,0,0,0,0
s5e6,Baker_658,Baker_658,0,0,1,0,0,0
s5e6,Baker_659,Baker_659,1,0,0,0,0,0
s5e6,Baker_660,Baker_660,0,0,1,0,0,0
s5e7,Baker_661,Baker_661,1,0,0,0,0,0
s5e7,Baker_662,Baker_662,0,0,1,0,0,0
s5e7,Baker_663,Baker_663,0,0,0,1,0,0
s5e7,Baker_664,Baker_664,0,1,0,0,0,0
s5e7,Baker_665,Baker_665,0,1,0,0,0,0
s5e7,Baker_666,Baker_666,0,0,0,0,0,0
s5e8,Baker_667,Baker_667,0,0,0,0,0,0
s5e8,Baker_668,Baker_668,0,0,0,1,0,0
s5e8,Baker_669,Baker_669,0,1,0,0,0,0
s5e8,Baker_670,Baker_670,0,0,1,0,0,0
s5e8,Baker_671,Baker_671,1,0,0,0,0,0
s5e9,Baker_672,Baker_672,0,0,0,0,0,0
s5e9,Baker_673,Baker_673,0,0,1,0,0,0
s5e9,Baker_674,Baker_674,1,0,0,0,0,0
s5e9,Baker_675,Baker_675,0,0,0,1,0,0
s6e1,Baker_676,Baker_676,0,1,0,0,0,0
s6e1,Baker_677,Baker_677,0,1,0,0,0,0
s6e1,Baker_678,Baker_678,0,0,1,0,0,0
s6e1,Baker_679,Baker_679,1,0,0,0,0,0
s6e1,Baker_680,Baker_680,0,1,0,0,0,0
s6e1,Baker_681,Baker_681,1,0,0,0,0,0
s6e1,Baker_682,Baker_682,0,0,0,1,0,0
s6e1,Baker_683,Baker_683,0,1,0,0,0,0
s6e1,Baker_684,Baker_684,0,0,0,0,0,0
s6e1,Baker_685,Baker_685,0,1,0,0,0,0
s6e1,Baker_686,Baker_686,0,0,1,0,0,0
s6e1,Baker_687,Baker_687,1,0,0,0,0,0
s6e2,Baker_688,Baker_688,0,0,1,0,0,0
s6e2,Baker_689,Baker_689,0,1,0,0,0,0
s6e2,Baker_690,Baker_690,0,1,0,0,0,0
s6e2,Baker_691,Baker_691,0,0,0,0,0,0
s6e2,Baker_692,Baker_692,0,0,1,0,0,0
s6e2,Baker_693,Baker_693,0,0,0,1,0,0
s6e2,Baker_694,Baker_694,0,1,0,0,0,0
s6e2,Baker_695,Baker_695,1,0,0,0,0,0
s6e2,Baker_696,Baker_696,0,1,0,0,0,0
s6e2,Baker_697,Baker_697,0,1,0,0,0,0
s6e2,Baker_698,Baker_698,1,0,0,0,0,0
s6e3,Baker_699,Baker_699,0,1,0,0,0,0
s6e3,Baker_700,Baker_700,0,0,0,0,0,0
s6e3,Baker_701,Baker_701,1,0,0,0,0,0
s6e3,Baker_702,Baker_702,0,1,0,0,0,0
s6e3,Baker_703,Baker_703,0,1,0,0,0,0
s6e3,Baker_704,Baker_704,0,1,0,0,0,0
s6e3,Baker_705,Baker_705,0,0,0,1,0,0
s6e3,Baker_706,Baker_706,0,0,1,0,0,0
s6e3,Baker_707,Baker_707,0,1,0,0,0,0
s6e3,Baker_708,Baker_708,1,0,0,0,0,1
s6e4,Baker_709,Baker_709,1,0,0,0,0,0
s6e4,Baker_710,Baker_710,0,1,0,0,0,0
s6e4,Baker_711,Baker_711,0,1,0,0,0,0
s6e4,Baker_712,Baker_712,0,0,1,0,0,0
s6e4,Baker_713,Baker_713,0,0,0,0,0,0
s6e4,Baker_714,Baker_714,0,0,1,0,0,0
s6e4,Baker_715,Baker_715,0,0,0,1,0,0
s6e4,Baker_716,Baker_716,0,1,0,0,0,0
s6e4,Baker_717,Baker_717,1,0,0,0,0,0
s6e5,Baker_718,Baker_718,0,1,0,0,0,0
s6e5,Baker_719,Baker_719,0,1,0,0,0,0
s6e5,Baker_720,Baker_720,0,0,0,1,0,0
s6e5,Baker_721,Baker_721,0,0,1,0,0,0
s6e5,Baker_722,Baker_722,0,1,0,0,0,0
s6e5,Baker_723,Baker_723,1,0,0,0,0,0
s6e5,Baker_724,Baker_724,0,1,0,0,0,0
s6e5,Baker_725,Baker_725,0,0,0,0,0,0
s6e6,Baker_726,Baker_726,0,1,0,0,0,0
s6e6,Baker_727,Baker_727,0,0,1,0,0,0
s6e6,Baker_728,Baker_728,0,1,0,0,0,0
s6e6,Baker_729,Baker_729,0,0,0,1,0,0
s6e6,Baker_730,Baker_730,0,0,0,0,0,0
s6e6,Baker_731,Baker_731,1,0,0,0,0,0
s6e6,Baker_732,Baker_732,0,1,0,0,0,0
s6e7,Baker_733,Baker_733,1,0,0,0,0,0
s6e7,Baker_734,Baker_734,0,0,0,1,0,0
s6e7,Baker_735,Baker_735,0,0,1,0,0,0
s6e7,Baker_736,Baker_736,1,0,0,0,0,0
s6e7,Baker_737,Baker_737,0,0,0,0,0,1
s6e7,Baker_738,Baker_738,0,1,0,0,0,0
s6e8,Baker_739,Baker_739,0,0,1,0,0,0
s6e8,Baker_740,Baker_740,0,1,0,0,0,0
s6e8,Baker_741,Baker_741,0,0,0,1,0,0
s6e8,Baker_742,Baker_742,0,0,0,0,0,0
s6e8,Baker_743,Baker_743,1,0,0,0,0,0
s6e9,Baker_744,Baker_744,0,0,0,0,0,1
s6e9,Baker_745,Baker_745,1,0,0,0,0,0
s6e9,Baker_746,Baker_746,0,0,0,1,0,0
s6e9,Baker_747,Baker_747,0,0,1,0,0,0
s7e1,Baker_748,Baker_748,0,1,0,0,0,0
s7e1,Baker_749,Baker_749,0,1,0,0,0,0
s7e1,Baker_750,Baker_750,0,0,0,0,0,0
s7e1,Baker_751,Baker_751,0,0,0,1,0,0
s7e1,Baker_752,Baker_752,0,1,0,0,0,0
s7e1,Baker_753,Baker_753,0,1,0,0,0,0
s7e1,Baker_754,Baker_754,0,1,0,0,0,0
s7e1,Baker_755,Baker_755,0,1,0,0,0,0
s7e1,Baker_756,Baker_756,1,0,0,0,0,0
s7e1,Baker_757,Baker_757,0,0,1,0,0,0
s7e1,Baker_758,Baker_758,0,0,1,0,0,0
s7e1,Baker_759,Baker_759,1,0,0,0,0,0
s7e2,Baker_760,Baker_760,0,0,0,0,0,0
s7e2,Baker_761,Baker_761,0,1,0,0,0,0
s7e2,Baker_762,Baker_762,0,1,0,0,0,0
s7e2,Baker_763,Baker_763,0,1,0,0,0,0
s7e2,Baker_764,Baker_764,0,1,0,0,0,0
s7e2,Baker_765,Baker_765,0,1,0,0,0,1
s7e2,Baker_766,Baker_766,0,1,0,0,0,0
s7e2,Baker_767,Baker_767,0,1,0,0,0,0
s7e2,Baker_768,Baker_768,0,0,0,1,0,0
s7e2,Baker_769,Baker_769,1,0,0,0,0,0
s7e2,Baker_770,Baker_770,0,0,1,0,0,0
s7e3,Baker_771,Baker_771,0,0,1,0,0,0
s7e3,Baker_772,Baker_772,0,0,0,0,0,0
s7e3,Baker_773,Baker_773,0,1,0,0,0,0
s7e3,Baker_774,Baker_774,1,0,0,0,0,0
s7e3,Baker_775,Baker_775,0,0,0,1,0,0
s7e3,Baker_776,Baker_776,0,1,0,0,0,0
s7e3,Baker_777,Baker_777,0,0,1,0,0,0
s7e3,Baker_778,Baker_778,0,1,0,0,0,0
s7e3,Baker_779,Baker_779,0,1,0,0,0,0
s7e3,Baker_780,Baker_780,1,0,0,0,0,0
s7e4,Baker_781,Baker_781,0,1,0,0,0,1
s7e4,Baker_782,Baker_782,1,0,0,0,0,0
s7e4,Baker_783,Baker_783,0,0,1,0,0,0
s7e4,Baker_784,Baker_784,0,0,1,0,0,0
s7e4,Baker_785,Baker_785,0,1,0,0,0,0
s7e4,Baker_786,Baker_786,0,0,0,1,0,0
s7e4,Baker_787,Baker_787,0,1,0,0,0,0
s7e4,Baker_788,Baker_788,0,0,0,0,0,0
s7e4,Baker_789,Baker_789,0,1,0,0,0,0
s7e5,Baker_790,Baker_790,0,0,0,1,0,0
s7e5,Baker_791,Baker_791,0,0,1,0,0,0
s7e5,Baker_792,Baker_792,0,1,0,0,0,0
s7e5,Baker_793,Baker_793,1,0,0,0,0,0
s7e5,Baker_794,Baker_794,0,1,0,0,0,0
s7e5,Baker_795,Baker_795,0,0,0,0,0,0
s7e5,Baker_796,Baker_796,0,1,0,0,0,0
s7e5,Baker_797,Baker_797,0,1,0,0,0,0
s7e6,Baker_798,Baker_798,0,1,0,0,0,0
s7e6,Baker_799,Baker_799,1,0,0,0,0,0
s7e6,Baker_800,Baker_800,0,0,0,0,0,0
s7e6,Baker_801,Baker_801,0,1,0,0,0,0
s7e6,Baker_802,Baker_802,1,0,0,0,0,0
s7e6,Baker_803,Baker_803,0,0,1,0,0,0
s7e6,Baker_804,Baker_804,0,0,0,1,0,0
s7e7,Baker_805,Baker_805,0,0,1,0,0,0
s7e7,Baker_806,Baker_806,0,0,0,0,0,0
s7e7,Baker_807,Baker_807,0,1,0,0,0,0
s7e7,Baker_808,Baker_808,0,1,0,0,0,0
s7e7,Baker_809,Baker_809,0,0,0,1,0,0
s7e7,Baker_810,Baker_810,1,0,0,0,0,0
s7e8,Baker_811,Baker_811,0,1,0,0,0,0
s7e8,Baker_812,Baker_812,0,0,0,1,0,0
s7e8,Baker_813,Baker_813,0,0,1,0,0,0
s7e8,Baker_814,Baker_814,1,0,0,0,0,0
s7e8,Baker_815,Baker_815,0,0,0,0,0,0
s7e9,Baker_816,Baker_816,1,0,0,0,0,0
s7e9,Baker_817,Baker_817,0,0,1,0,0,0
s7e9,Baker_818,Baker_818,0,0,0,1,0,0
s7e9,Baker_819,Baker_819,0,0,0,0,0,0
s8e1,Baker_820,Baker_820,0,0,0,1,0,0
s8e1,Baker_821,Baker_821,0,1,0,0,0,0
s8e1,Baker_822,Baker_822,0,1,0,0,0,0
s8e1,Baker_823,Baker_823,0,1,0,0,0,0
s8e1,Baker_824,Baker_824,0,0,1,0,0,0
s8e1,Baker_825,Baker_825,0,1,0,0,0,0
s8e1,Baker_826,Baker_826,0,0,0,0,0,1
s8e1,Baker_827,Baker_827,1,0,0,0,0,1
s8e1,Baker_828,Baker_828,0,0,1,0,0,0
s8e1,Baker_829,Baker_829,1,0,0,0,0,0
s8e1,Baker_830,Baker_830,0,1,0,0,0,0
s8e1,Baker_831,Baker_831,0,1,0,0,0,0
s8e2,Baker_832,Baker_832,0,0,1,0,0,0
s8e2,Baker_833,Baker_833,0,0,0,1,0,0
s8e2,Baker_834,Baker_834,0,0,1,0,0,0
s8e2,Baker_835,Baker_835,1,0,0,0,0,0
s8e2,Baker_836,Baker_836,0,1,0,0,0,0
s8e2,Baker_837,Baker_837,0,0,0,0,0,0
s8e2,Baker_838,Baker_838,0,1,0,0,0,0
s8e2,Baker_839,Baker_839,1,0,0,0,0,0
s8e2,Baker_840,Baker_840,0,1,0,0,0,0
s8e2,Baker_841,Baker_841,0,1,0,0,0,0
s8e2,Baker_842,Baker_842,0,0,1,0,0,0
s8e3,Baker_843,Baker_843,0,0,0,1,0,0
s8e3,Baker_844,Baker_844,0,1,0,0,0,0
s8e3,Baker_845,Baker_845,0,0,0,0,0,0
s8e3,Baker_846,Baker_846,0,1,0,0,0,0
s8e3,Baker_847,Baker_847,0,1,0,0,0,0
s8e3,Baker_848,Baker_848,0,1,0,0,0,0
s8e3,Baker_849,Baker_849,0,1,0,0,0,0
s8e3,Baker_850,Baker_850,1,0,0,0,0,0
s8e3,Baker_851,Baker_851,0,1,0,0,0,0
s8e3,Baker_852,Baker_852,0,0,1,0,0,0
s8e4,Baker_853,Baker_853,0,0,0,0,0,0
s8e4,Baker_854,Baker_854,0,1,0,0,0,0
s8e4,Baker_855,Baker_855,0,1,0,0,0,0
s8e4,Baker_856,Baker_856,1,0,0,0,0,1
s8e4,Baker_857,Baker_857,0,0,0,1,0,0
s8e4,Baker_858,Baker_858,0,1,0,0,0,0
s8e4,Baker_859,Baker_859,0,0,1,0,0,0
s8e4,Baker_860,Baker_860,0,1,0,0,0,0
s8e4,Baker_861,Baker_861,0,1,0,0,0,0
s8e5,Baker_862,Baker_862,0,0,1,0,0,0
s8e5,Baker_863,Baker_863,0,1,0,0,0,0
s8e5,Baker_864,Baker_864,0,0,0,1,0,0
s8e5,Baker_865,Baker_865,0,0,1,0,0,0
s8e5,Baker_866,Baker_866,0,1,0,0,0,1
s8e5,Baker_867,Baker_867,0,1,0,0,0,1
s8e5,Baker_868,Baker_868,1,0,0,0,0,1
s8e5,Baker_869,Baker_869,0,0,0,0,0,0
s8e6,Baker_870,Baker_870,1,0,0,0,0,0
s8e6,Baker_871,Baker_871,0,1,0,0,0,0
s8e6,Baker_872,Baker_872,0,0,1,0,0,0
s8e6,Baker_873,Baker_873,0,0,0,1,0,0
s8e6,Baker_874,Baker_874,0,1,0,0,0,0
s8e6,Baker_875,Baker_875,0,0,0,0,0,0
s8e6,Baker_876,Baker_876,1,0,0,0,0,0
s8e7,Baker_877,Baker_877,0,0,0,0,0,0
s8e7,Baker_878,Baker_878,1,0,0,0,0,0
s8e7,Baker_879,Baker_879,0,0,1,0,0,0
s8e7,Baker_880,Baker_880,0,0,0,1,0,0
s8e7,Baker_881,Baker_881,1,0,0,0,0,0
s8e7,Baker_882,Baker_882,0,0,1,0,0,0
s8e8,Baker_883,Baker_883,1,0,0,0,0,0
s8e8,Baker_884,Baker_884,0,1,0,0,0,0
s8e8,Baker_885,Baker_885,0,0,1,0,0,0
s8e8,Baker_886,Baker_886,0,0,0,1,0,0
s8e8,Baker_887,Baker_887,0,0,0,0,0,1
s8e9,Baker_888,Baker_888,1,0,0,0,0,0
s8e9,Baker_889,Baker_889,0,0,1,0,0,0
s8e9,Baker_890,Baker_890,0,0,0,0,0,0
s8e9,Baker_891,Baker_891,0,0,0,1,0,0
s9e1,Baker_892,Baker_892,0,1,0,0,0,0
s9e1,Baker_893,Baker_893,0,0,1,0,0,0
s9e1,Baker_894,Baker_894,0,0,0,0,0,0
s9e1,Baker_895,Baker_895,0,1,0,0,0,0
s9e1,Baker_896,Baker_896,1,0,0,0,0,0
s9e1,Baker_897,Baker_897,0,1,0,0,0,0
s9e1,Baker_898,Baker_898,0,0,1,0,0,0
s9e1,Baker_899,Baker_899,0,1,0,0,0,0
s9e1,Baker_900,Baker_900,0,0,0,1,0,0
s9e1,Baker_901,Baker_901,0,1,0,0,0,0
s9e1,Baker_902,Baker_902,0,1,0,0,0,0
s9e1,Baker_903,Baker_903,0,1,0,0,0,0
s9e2,Baker_904,Baker_904,0,1,0,0,0,0
s9e2,Baker_905,Baker_905,1,0,0,0,0,1
s9e2,Baker_906,Baker_906,0,0,0,1,0,0
s9e2,Baker_907,Baker_907,0,1,0,0,0,0
s9e2,Baker_908,Baker_908,0,0,1,0,0,0
s9e2,Baker_909,Baker_909,0,1,0,0,0,0
s9e2,Baker_910,Baker_910,1,0,0,0,0,0
s9e2,Baker_911,Baker_911,0,1,0,0,0,0
s9e2,Baker_912,Baker_912,0,1,0,0,0,1
s9e2,Baker_913,Baker_913,0,0,1,0,0,0
s9e2,Baker_914,Baker_914,0,0,0,0,0,1
s9e3,Baker_915,Baker_915,0,1,0,0,0,0
s9e3,Baker_916,Baker_916,0,0,0,0,0,0
s9e3,Baker_917,Baker_917,0,1,0,0,0,0
s9e3,Baker_918,Baker_918,0,1,0,0,0,0
s9e3,Baker_919,Baker_919,0,0,1,0,0,0
s9e3,Baker_920,Baker_920,0,0,0,1,0,0
s9e3,Baker_921,Baker_921,0,1,0,0,0,0
s9e3,Baker_922,Baker_922,1,0,0,0,0,1
s9e3,Baker_923,Baker_923,0,1,0,0,0,0
s9e3,Baker_924,Baker_924,0,1,0,0,0,0
s9e4,Baker_925,Baker_925,1,0,0,0,0,1
s9e4,Baker_926,Baker_926,0,0,0,0,1,0
s9e4,Baker_927,Baker_927,0,0,0,0,0,1
s9e4,Baker_928,Baker_928,0,1,0,0,0,0
s9e4,Baker_929,Baker_929,0,1,0,0,0,0
s9e4,Baker_930,Baker_930,0,0,1,0,0,0
s9e4,Baker_931,Baker_931,0,0,1,0,0,0
s9e4,Baker_932,Baker_932,1,0,0,0,0,0
s9e4,Baker_933,Baker_933,0,1,0,0,0,0
s9e5,Baker_934,Baker_934,0,1,0,0,0,0
s9e5,Baker_935,Baker_935,0,0,1,0,0,0
s9e5,Baker_936,Baker_936,0,0,0,0,0,1
s9e5,Baker_937,Baker_937,0,0,0,1,0,0
s9e5,Baker_938,Baker_938,0,1,0,0,0,0
s9e5,Baker_939,Baker_939,1,0,0,0,0,1
s9e5,Baker_940,Baker_940,0,0,0,1,0,0
s9e5,Baker_941,Baker_941,0,0,1,0,0,0
s9e5,Baker_942,Baker_942,0,1,0,0,0,1
s9e6,Baker_943,Baker_943,1,0,0,0,0,1
s9e6,Baker_944,Baker_944,0,0,0,1,0,0
s9e6,Baker_945,Baker_945,0,1,0,0,0,0
s9e6,Baker_946,Baker_946,0,0,0,0,0,0
s9e6,Baker_947,Baker_947,1,0,0,0,0,1
s9e6,Baker_948,Baker_948,0,0,1,0,0,0
s9e6,Baker_949,Baker_949,0,1,0,0,0,0
s9e7,Baker_950,Baker_950,0,1,0,0,0,0
s9e7,Baker_951,Baker_951,0,0,1,0,0,0
s9e7,Baker_952,Baker_952,0,0,0,0,0,1
s9e7,Baker_953,Baker_953,1,0,0,0,0,0
s9e7,Baker_954,Baker_954,0,0,0,1,0,0
s9e7,Baker_955,Baker_955,0,1,0,0,0,0
s9e8,Baker_956,Baker_956,0,0,1,0,0,0
s9e8,Baker_957,Baker_957,0,0,1,0,0,0
s9e8,Baker_958,Baker_958,1,0,0,0,0,0
s9e8,Baker_959,Baker_959,0,0,0,1,0,0
s9e8,Baker_960,Baker_960,0,0,0,0,0,0
s9e9,Baker_961,Baker_961,0,0,0,1,0,0
s9e9,Baker_962,Baker_962,1,0,0,0,0,0
s9e9,Baker_963,Baker_963,0,0,0,0,0,0
s9e9,Baker_964,Baker_964,0,0,1,0,0,0
